,Name,RA_val,RA_err,Dec_val,Dec_err,DM_val,DM_err,Period_val,Period_err,Pdot_val,Pdot_err,Pepoch,Frequency_val,Frequency_err,Fdot_val,Fdot_err,Bsurf,Edot,Tau,l,b,BurstRate,Flux,Width,Name_ref,RA_ref,Dec_ref,DM_ref,Period_ref,Pdot_ref,Pepoch_ref,Frequency_ref,Fdot_ref,Bsurf_ref,Edot_ref,Tau_ref,l_ref,b_ref,BurstRate_ref,Flux_ref,Width_ref
0,J0054+66,00:54,*,+66:00,*,14.554,0.007,1.3903,*,*,*,*,0.7192692224699705,0.0,*,*,*,*,*,123.19,3.13,0.7,*,*,https://doi.org/10.1063/1.2900310,https://doi.org/10.1063/1.2900310,https://doi.org/10.1063/1.2900310,https://doi.org/10.3847/0004-637X/831/2/140,https://doi.org/10.1063/1.2900310,*,*,https://doi.org/10.1063/1.2900310,*,*,*,*,https://doi.org/10.1063/1.2900310,https://doi.org/10.1063/1.2900310,https://doi.org/10.3847/0004-637X/831/2/140,*,*
1,J0054+69,00:54:28,00:00:25,+69:26,00:02,90.3,0.2,*,*,*,*,*,0.7193,0.0,*,*,*,*,*,123.20,6.56,300.0,*,*,https://doi.org/10.1088/0004-637X/809/1/67,https://doi.org/10.1088/0004-637X/809/1/67,https://doi.org/10.1088/0004-637X/809/1/67,https://doi.org/10.1088/0004-637X/809/1/67,*,*,*,*,*,*,*,*,https://doi.org/10.1088/0004-637X/809/1/67,https://doi.org/10.1088/0004-637X/809/1/67,https://doi.org/10.1088/0004-637X/809/1/67,*,*
2,J0103+54,01:03:37,00:00:20,+54:02,00:05,55.605,0.004,0.354304,6e-06,*,*,*,2.8224349710982657,4.779683499647081e-05,*,*,*,*,*,124.74,-8.80,390.0,*,*,https://doi.org/10.1088/0004-637X/809/1/67,https://doi.org/10.1088/0004-637X/809/1/67,https://doi.org/10.1088/0004-637X/809/1/67,https://doi.org/10.1088/0004-637X/809/1/67,https://doi.org/10.1088/0004-637X/809/1/67,*,*,https://doi.org/10.1088/0004-637X/809/1/67,*,*,*,*,https://doi.org/10.1088/0004-637X/809/1/67,https://doi.org/10.1088/0004-637X/809/1/67,https://doi.org/10.1088/0004-637X/809/1/67,*,*
3,J0121+53,01:21,00:11,+53:29,00:16,91.38,0.03,2.7247846,4e-07,*,*,*,0.3670014870166251,5.3876036588965616e-08,*,*,*,*,*,127.38,-9.13,2.4,*,*,https://doi.org/10.3847/1538-4357/ac1da6,https://doi.org/10.3847/1538-4357/ac1da6,https://doi.org/10.3847/1538-4357/ac1da6,https://doi.org/10.3847/1538-4357/ac1da6,https://doi.org/10.3847/1538-4357/ac1da6,*,*,https://doi.org/10.3847/1538-4357/ac1da6,*,*,*,*,https://doi.org/10.3847/1538-4357/ac1da6,https://doi.org/10.3847/1538-4357/ac1da6,https://doi.org/10.3847/1538-4357/ac1da6,*,*
4,J0139+3336,01:39:57.23,00:00:00.04,+33:36:59.7,00:00:00.9,21.23,0.01,1.2479609557,1e-10,2.064e-15,8e-18,57901,0.8013071205734037,6.420931014816394e-11,-1.3252801614581036e-15,5.136744811853114e-18,1.6,4.2,9.6,134.38,-28.17,*,*,*,https://doi.org/10.1134/S1063772918010079,https://doi.org/10.1093/mnras/stz2997,https://doi.org/10.1093/mnras/stz2997,https://doi.org/10.1093/mnras/stz2997,https://doi.org/10.1093/mnras/stz2997,https://doi.org/10.1093/mnras/stz2997,https://doi.org/10.1093/mnras/stz2997,https://doi.org/10.1093/mnras/stz2997,https://doi.org/10.1093/mnras/stz2997,https://doi.org/10.1093/mnras/stz2997,https://doi.org/10.1093/mnras/stz2997,https://doi.org/10.1093/mnras/stz2997,https://doi.org/10.1093/mnras/stz2997,https://doi.org/10.1093/mnras/stz2997,*,*,*
5,J0156+04,01:56:01,00:01:54,+04:02,00:08,27.5,*,*,*,*,*,*,0.8013071205734037,6.420931014816394e-11,*,*,*,*,*,151.97,-55.15,2,*,*,https://doi.org/10.3847/0004-637X/821/1/10,https://doi.org/10.3847/0004-637X/821/1/10,https://doi.org/10.3847/0004-637X/821/1/10,https://doi.org/10.3847/0004-637X/821/1/10,*,*,*,*,*,*,*,*,https://doi.org/10.3847/0004-637X/821/1/10,https://doi.org/10.3847/0004-637X/821/1/10,https://doi.org/10.3847/0004-637X/821/1/10,*,*
6,J0201+7005,02:01:41.344,00:00:00.007,+70:05:18.11,00:00:00.06,21.029,0.002,1.349184471847,9e-12,5.514e-15,1e-18,56777,0.7411884889477158,4.944243385337384e-12,-3.029173114083371e-15,5.493603761485984e-19,2.8,8.9,3.9,128.89,8.03,180,*,*,https://doi.org/10.1088/0004-637X/809/1/67,https://doi.org/10.1088/0004-637X/809/1/67,https://doi.org/10.1088/0004-637X/809/1/67,https://doi.org/10.1088/0004-637X/809/1/67,https://doi.org/10.1088/0004-637X/809/1/67,https://doi.org/10.1088/0004-637X/809/1/67,https://doi.org/10.1088/0004-637X/809/1/67,https://doi.org/10.1088/0004-637X/809/1/67,https://doi.org/10.1088/0004-637X/809/1/67,https://doi.org/10.1088/0004-637X/809/1/67,https://doi.org/10.1088/0004-637X/809/1/67,https://doi.org/10.1088/0004-637X/809/1/67,https://doi.org/10.1088/0004-637X/809/1/67,https://doi.org/10.1088/0004-637X/809/1/67,https://doi.org/10.1088/0004-637X/809/1/67,*,*
7,J0302+2252,03:02:31.990,00:00:00.004,+22:52:12.1,00:00:00.2,18.9922,0.0006,1.207164839778,2e-12,8.25e-17,1e-19,57811,0.8283872815446663,1.3724509764499245e-12,-5.661360277855938e-17,6.862254882249622e-20,0.3,0.2,232.0,158.44,-30.82,*,*,*,https://doi.org/10.1093/mnras/stz2997,https://doi.org/10.1093/mnras/stz2997,https://doi.org/10.1093/mnras/stz2997,https://doi.org/10.1093/mnras/stz2997,https://doi.org/10.1093/mnras/stz2997,https://doi.org/10.1093/mnras/stz2997,https://doi.org/10.1093/mnras/stz2997,https://doi.org/10.1093/mnras/stz2997,https://doi.org/10.1093/mnras/stz2997,https://doi.org/10.1093/mnras/stz2997,https://doi.org/10.1093/mnras/stz2997,https://doi.org/10.1093/mnras/stz2997,https://doi.org/10.1093/mnras/stz2997,https://doi.org/10.1093/mnras/stz2997,*,*,*
8,J0332+79,03:32:45,00:00:20,+79:10,00:05,16.67,0.02,2.05621,6e-05,*,*,*,0.48633164900472226,1.4191108369419143e-05,*,*,*,*,*,130.31,18.68,30,*,*,https://doi.org/10.1088/0004-637X/809/1/67,https://doi.org/10.1088/0004-637X/809/1/67,https://doi.org/10.1088/0004-637X/809/1/67,https://doi.org/10.1088/0004-637X/809/1/67,https://doi.org/10.1088/0004-637X/809/1/67,*,*,https://doi.org/10.1088/0004-637X/809/1/67,*,*,*,*,https://doi.org/10.1088/0004-637X/809/1/67,https://doi.org/10.1088/0004-637X/809/1/67,https://doi.org/10.1088/0004-637X/809/1/67,*,*
9,J0410-31,04:10:39,00:00:03.3,-31:07:29,00:07,9.2,0.3,1.8785,0.0002,*,*,*,0.5323396326856534,5.6677096905579284e-05,*,*,*,*,*,230.59,-46.67,107,*,*,https://doi.org/10.1111/j.1365-2966.2011.18521.x,https://doi.org/10.1111/j.1365-2966.2011.18521.x,https://doi.org/10.1111/j.1365-2966.2011.18521.x,https://doi.org/10.1111/j.1365-2966.2011.18521.x,https://doi.org/10.1111/j.1365-2966.2011.18521.x,*,*,https://doi.org/10.1111/j.1365-2966.2011.18521.x,*,*,*,*,https://doi.org/10.1111/j.1365-2966.2011.18521.x,https://doi.org/10.1111/j.1365-2966.2011.18521.x,https://doi.org/10.1111/j.1365-2966.2011.18521.x,*,*
10,J0441-04,04:41,*,-04:18,*,20.0,*,*,*,*,*,*,0.5323396326856534,5.6677096905579284e-05,*,*,*,*,*,200.95,-30.83,*,*,*,https://doi.org/10.1088/0004-637X/809/1/67,https://doi.org/10.1088/0004-637X/809/1/67,https://doi.org/10.1088/0004-637X/809/1/67,https://doi.org/10.1088/0004-637X/809/1/67,*,*,*,*,*,*,*,*,https://doi.org/10.1088/0004-637X/809/1/67,https://doi.org/10.1088/0004-637X/809/1/67,*,*,*
11,J0447-04,04:47,00:01,-04:35,00:18,29.83,0.04,2.18819,2e-05,*,*,*,0.45699870669366005,4.176956358393559e-06,*,*,*,*,*,202.07,-29.66,103,*,*,https://doi.org/10.1088/0004-637X/809/1/67,https://doi.org/10.1088/0004-637X/809/1/67,https://doi.org/10.1088/0004-637X/809/1/67,https://doi.org/10.1088/0004-637X/809/1/67,https://doi.org/10.1088/0004-637X/809/1/67,*,*,https://doi.org/10.1088/0004-637X/809/1/67,*,*,*,*,https://doi.org/10.1088/0004-637X/809/1/67,https://doi.org/10.1088/0004-637X/809/1/67,https://doi.org/10.1088/0004-637X/809/1/67,*,*
12,J0513-04,05:13,*,-04:18,*,18.5,*,*,*,*,*,*,0.45699870669366005,4.176956358393559e-06,*,*,*,*,*,205.23,-23.81,*,*,*,https://doi.org/10.1088/0004-637X/809/1/67,https://doi.org/10.1088/0004-637X/809/1/67,https://doi.org/10.1088/0004-637X/809/1/67,https://doi.org/10.1088/0004-637X/809/1/67,*,*,*,*,*,*,*,*,https://doi.org/10.1088/0004-637X/809/1/67,https://doi.org/10.1088/0004-637X/809/1/67,*,*,*
13,J0544+20,05:44:12,00:02:00,+20:50,00:08,56.9,*,*,*,*,*,*,0.45699870669366005,4.176956358393559e-06,*,*,*,*,*,186.76,-4.50,4,*,*,https://doi.org/10.3847/0004-637X/821/1/10,https://doi.org/10.3847/0004-637X/821/1/10,https://doi.org/10.3847/0004-637X/821/1/10,https://doi.org/10.3847/0004-637X/821/1/10,*,*,*,*,*,*,*,*,https://doi.org/10.3847/0004-637X/821/1/10,https://doi.org/10.3847/0004-637X/821/1/10,https://doi.org/10.3847/0004-637X/821/1/10,*,*
14,J0545-03,05:45,00:02,-03:10,00:36,67.2,0.4,1.07393,2e-05,*,*,*,0.9311593865521961,1.7341156063285246e-05,*,*,*,*,*,208.09,-16.21,77,*,*,https://doi.org/10.1088/0004-637X/809/1/67,https://doi.org/10.1088/0004-637X/809/1/67,https://doi.org/10.1088/0004-637X/809/1/67,https://doi.org/10.1088/0004-637X/809/1/67,https://doi.org/10.1088/0004-637X/809/1/67,*,*,https://doi.org/10.1088/0004-637X/809/1/67,*,*,*,*,https://doi.org/10.1088/0004-637X/809/1/67,https://doi.org/10.1088/0004-637X/809/1/67,https://doi.org/10.1088/0004-637X/809/1/67,*,*
15,J0550+09,05:50:28,00:01:54,+09:51,00:08,86.6,*,1.745,*,*,*,*,0.5730659025787965,0.0,*,*,*,*,*,197.06,-8.77,47,*,*,https://doi.org/10.3847/0004-637X/821/1/10,https://doi.org/10.3847/0004-637X/821/1/10,https://doi.org/10.3847/0004-637X/821/1/10,https://doi.org/10.3847/0004-637X/821/1/10,https://doi.org/10.3847/0004-637X/821/1/10,*,*,https://doi.org/10.3847/0004-637X/821/1/10,*,*,*,*,https://doi.org/10.3847/0004-637X/821/1/10,https://doi.org/10.3847/0004-637X/821/1/10,https://doi.org/10.3847/0004-637X/821/1/10,*,*
16,J0614-03,06:15,*,-03:29,*,17.9,*,0.136,*,*,*,*,7.352941176470588,0.0,*,*,*,*,*,211.89,-9.69,*,*,*,https://doi.org/10.1088/0004-637X/809/1/67,https://doi.org/10.1088/0004-637X/809/1/67,https://doi.org/10.1088/0004-637X/809/1/67,https://doi.org/10.1088/0004-637X/809/1/67,https://doi.org/10.1088/0004-637X/809/1/67,*,*,https://doi.org/10.1088/0004-637X/809/1/67,*,*,*,*,https://doi.org/10.1088/0004-637X/809/1/67,https://doi.org/10.1088/0004-637X/809/1/67,*,*,*
17,J0621-55,06:20:42,00:00:30,-56:05,00:07,22.0,*,*,*,*,*,*,7.353,0.0,*,*,*,*,*,264.80,-26.41,*,*,*,https://doi.org/10.1093/mnras/stx2126,https://doi.org/10.1093/mnras/stx2126,https://doi.org/10.1093/mnras/stx2126,https://doi.org/10.1093/mnras/stx2126,*,*,*,*,*,*,*,*,https://doi.org/10.1093/mnras/stx2126,https://doi.org/10.1093/mnras/stx2126,*,*,*
18,J0627+16,06:27:13,00:00:07,+16:12,00:02,113.0,*,2.18,*,*,*,*,0.4587155963302752,0.0,*,*,*,*,*,195.79,2.12,23,150,0.3,https://doi.org/10.1088/0004-637X/703/2/2259,https://doi.org/10.1088/0004-637X/703/2/2259,https://doi.org/10.1088/0004-637X/703/2/2259,https://doi.org/10.1088/0004-637X/703/2/2259,https://doi.org/10.1088/0004-637X/703/2/2259,*,*,https://doi.org/10.1088/0004-637X/703/2/2259,*,*,*,*,https://doi.org/10.1088/0004-637X/703/2/2259,https://doi.org/10.1088/0004-637X/703/2/2259,https://doi.org/10.1088/0004-637X/703/2/2259,https://doi.org/10.1088/0004-637X/703/2/2259,https://doi.org/10.1088/0004-637X/703/2/2259
19,J0628+0909,06:28:36.183,00:00:00.005,+09:09:13.9,00:00:00.3,88.3,0.2,1.241421391299,3e-12,5.479e-16,2e-19,54990,0.8055282493188061,1.946627281351862e-12,-3.5551902915089505e-16,1.2977515209012413e-19,0.8,1.1,35.9,202.19,-0.85,141,0.058,10,https://doi.org/10.1086/498335,https://doi.org/10.1088/0004-637X/772/1/50,https://doi.org/10.1088/0004-637X/772/1/50,https://doi.org/10.1088/0004-637X/772/1/50,https://doi.org/10.1088/0004-637X/772/1/50,https://doi.org/10.1088/0004-637X/772/1/50,https://doi.org/10.1088/0004-637X/772/1/50,https://doi.org/10.1088/0004-637X/772/1/50,https://doi.org/10.1088/0004-637X/772/1/50,https://doi.org/10.1088/0004-637X/772/1/50,https://doi.org/10.1088/0004-637X/772/1/50,https://doi.org/10.1088/0004-637X/772/1/50,https://doi.org/10.1088/0004-637X/772/1/50,https://doi.org/10.1088/0004-637X/772/1/50,https://doi.org/10.1088/0004-637X/703/2/2259,https://doi.org/10.1088/0004-637X/772/1/50,https://doi.org/10.1088/0004-637X/703/2/2259
20,J0736-6304,07:36:20.01,00:00:00.27,-63:04:16,00:00:02,19.4,*,4.8628739612,7e-10,1.5189e-13,2.5e-16,56212,0.20563971182038046,2.9601383754298385e-11,-6.423077397771974e-15,1.0571922769392282e-17,27.5,5.2,0.5,274.88,-19.15,39.65,160,30,https://doi.org/10.1111/j.1365-2966.2009.15965.x,https://doi.org/10.3847/1538-4357/aa88c3,https://doi.org/10.3847/1538-4357/aa88c3,https://doi.org/10.3847/1538-4357/aa6aa9,https://doi.org/10.3847/1538-4357/aa88c3,https://doi.org/10.3847/1538-4357/aa88c3,https://doi.org/10.3847/1538-4357/aa88c3,https://doi.org/10.3847/1538-4357/aa88c3,https://doi.org/10.3847/1538-4357/aa88c3,https://doi.org/10.3847/1538-4357/aa88c3,https://doi.org/10.3847/1538-4357/aa88c3,https://doi.org/10.3847/1538-4357/aa88c3,https://doi.org/10.3847/1538-4357/aa88c3,https://doi.org/10.3847/1538-4357/aa88c3,https://doi.org/10.3847/1538-4357/aa6aa9,https://doi.org/10.1111/j.1365-2966.2009.15965.x,https://doi.org/10.3847/1538-4357/aa88c3
21,J0837-24,08:37:44,00:00:31,-24:47:48,00:07,142.8,0.5,*,*,*,*,*,0.20563971182038046,2.9601383754298385e-11,*,*,*,*,*,247.45,9.80,5,420,1,https://doi.org/10.1111/j.1365-2966.2011.18521.x,https://doi.org/10.1111/j.1365-2966.2011.18521.x,https://doi.org/10.1111/j.1365-2966.2011.18521.x,https://doi.org/10.1111/j.1365-2966.2011.18521.x,*,*,*,*,*,*,*,*,https://doi.org/10.1111/j.1365-2966.2011.18521.x,https://doi.org/10.1111/j.1365-2966.2011.18521.x,https://doi.org/10.1111/j.1365-2966.2011.18521.x,https://doi.org/10.1111/j.1365-2966.2011.18521.x,https://doi.org/10.1111/j.1365-2966.2011.18521.x
22,J0845-36,08:45,00:07,-36,00:07,29.0,2,*,*,*,*,*,0.20563971182038046,2.9601383754298385e-11,*,*,*,*,*,257.40,4.26,1.8,230,2,https://doi.org/10.1111/j.1365-2966.2011.18917.x,https://doi.org/10.1111/j.1365-2966.2011.18917.x,https://doi.org/10.1111/j.1365-2966.2011.18917.x,https://doi.org/10.1111/j.1365-2966.2011.18917.x,*,*,*,*,*,*,*,*,https://doi.org/10.1111/j.1365-2966.2011.18917.x,https://doi.org/10.1111/j.1365-2966.2011.18917.x,https://doi.org/10.1111/j.1365-2966.2011.18917.x,https://doi.org/10.1111/j.1365-2966.2011.18917.x,https://doi.org/10.1111/j.1365-2966.2011.18917.x
23,J0847-4316,08:47:57.33,00:00:00.05,-43:16:56.8,00:00:00.7,292.5,0.9,5.977492737,7e-10,1.1994e-13,2e-17,53816,0.16729422251073828,1.9591149819830684e-11,-3.3568035848435604e-15,5.597471377094481e-19,27.1,2.2,0.8,263.44,0.16,1.42,120,27,https://doi.org/10.1038/nature04440,https://doi.org/10.1111/j.1365-2966.2009.15584.x,https://doi.org/10.1111/j.1365-2966.2009.15584.x,https://doi.org/10.1111/j.1365-2966.2009.15584.x,https://doi.org/10.1111/j.1365-2966.2009.15584.x,https://doi.org/10.1111/j.1365-2966.2009.15584.x,https://doi.org/10.1111/j.1365-2966.2009.15584.x,https://doi.org/10.1111/j.1365-2966.2009.15584.x,https://doi.org/10.1111/j.1365-2966.2009.15584.x,https://doi.org/10.1111/j.1365-2966.2009.15584.x,https://doi.org/10.1111/j.1365-2966.2009.15584.x,https://doi.org/10.1111/j.1365-2966.2009.15584.x,https://doi.org/10.1111/j.1365-2966.2009.15584.x,https://doi.org/10.1111/j.1365-2966.2009.15584.x,https://doi.org/10.1038/nature04440,https://doi.org/10.1111/j.1365-2966.2009.15584.x,https://doi.org/10.1111/j.1365-2966.2009.15584.x
24,J0912-3851,09:12:42.70,00:00:00.02,-38:51:03,00:00:01,71.5,0.69,1.526085076,3e-09,3.59e-15,5e-17,55093,0.655271462729382,1.2881420696025114e-09,-1.5414766766243387e-15,2.1469034493375187e-17,2.4,4.0,6.7,263.16,6.58,32,0.14,35.609,https://doi.org/10.1111/j.1365-2966.2011.18521.x,https://doi.org/10.1111/j.1365-2966.2012.22042.x,https://doi.org/10.1111/j.1365-2966.2012.22042.x,https://doi.org/10.1093/mnras/stu1930,https://doi.org/10.1111/j.1365-2966.2012.22042.x,https://doi.org/10.1111/j.1365-2966.2012.22042.x,https://doi.org/10.1111/j.1365-2966.2012.22042.x,https://doi.org/10.1111/j.1365-2966.2012.22042.x,https://doi.org/10.1111/j.1365-2966.2012.22042.x,https://doi.org/10.1111/j.1365-2966.2012.22042.x,https://doi.org/10.1111/j.1365-2966.2012.22042.x,https://doi.org/10.1111/j.1365-2966.2012.22042.x,https://doi.org/10.1111/j.1365-2966.2012.22042.x,https://doi.org/10.1111/j.1365-2966.2012.22042.x,https://doi.org/10.1111/j.1365-2966.2011.18521.x,https://doi.org/10.1093/mnras/stx3095,https://doi.org/10.1093/mnras/stx3095
25,J0923-31,09:23:58,00:00:50,-31:57,00:15,72.0,20,*,*,*,*,*,0.655271462729382,1.2881420696025114e-09,*,*,*,*,*,259.70,13.00,1.7,120,30,https://doi.org/10.1111/j.1365-2966.2009.15965.x,https://doi.org/10.1111/j.1365-2966.2009.15965.x,https://doi.org/10.1111/j.1365-2966.2009.15965.x,https://doi.org/10.1111/j.1365-2966.2009.15965.x,*,*,*,*,*,*,*,*,https://doi.org/10.1111/j.1365-2966.2009.15965.x,https://doi.org/10.1111/j.1365-2966.2009.15965.x,https://doi.org/10.1111/j.1365-2966.2009.15965.x,https://doi.org/10.1111/j.1365-2966.2009.15965.x,https://doi.org/10.1111/j.1365-2966.2009.15965.x
26,J0941-39,09:41:38,00:00:46,-39:41,00:15,78.2,2.7,0.58677841838,3e-11,*,*,*,1.7042208245504968,8.713105856494726e-11,*,*,*,*,*,267.80,9.90,*,580,105.6,https://doi.org/10.1111/j.1365-2966.2009.15965.x,https://doi.org/10.1111/j.1365-2966.2009.15965.x,https://doi.org/10.1111/j.1365-2966.2009.15965.x,https://doi.org/10.1111/j.1365-2966.2009.15965.x,https://doi.org/10.1111/j.1365-2966.2009.15965.x,*,*,https://doi.org/10.1111/j.1365-2966.2009.15965.x,*,*,*,*,https://doi.org/10.1111/j.1365-2966.2009.15965.x,https://doi.org/10.1111/j.1365-2966.2009.15965.x,*,https://doi.org/10.1111/j.1365-2966.2009.15965.x,https://doi.org/10.1111/j.1365-2966.2009.15965.x
27,J0957-06,09:57,00:02,-06:17,00:36,26.95,0.02,1.7237,8e-05,*,*,*,0.5801473574287869,2.6925676506528372e-05,*,*,*,*,*,244.76,36.20,180,*,*,https://doi.org/10.1088/0004-637X/809/1/67,https://doi.org/10.1088/0004-637X/809/1/67,https://doi.org/10.1088/0004-637X/809/1/67,https://doi.org/10.1088/0004-637X/809/1/67,https://doi.org/10.1088/0004-637X/809/1/67,*,*,https://doi.org/10.1088/0004-637X/809/1/67,*,*,*,*,https://doi.org/10.1088/0004-637X/809/1/67,https://doi.org/10.1088/0004-637X/809/1/67,https://doi.org/10.1088/0004-637X/809/1/67,*,*
28,J1010+15,10:10:00,00:00:31,+15:51,00:08,42.0,*,*,*,*,*,*,0.5801473574287869,2.6925676506528372e-05,*,*,*,*,*,221.26,50.98,*,*,*,https://doi.org/10.1088/0004-637X/775/1/51,https://doi.org/10.1088/0004-637X/775/1/51,https://doi.org/10.1088/0004-637X/775/1/51,https://doi.org/10.1088/0004-637X/775/1/51,*,*,*,*,*,*,*,*,https://doi.org/10.1088/0004-637X/775/1/51,https://doi.org/10.1088/0004-637X/775/1/51,*,*,*
29,J1014-48,10:14:18,00:00:42,-48:49:42,00:07,87.0,7,1.5088,0.0002,*,*,*,0.662778366914104,8.785503272986532e-05,*,*,*,*,*,278.14,6.33,16,140,21,https://doi.org/10.1111/j.1365-2966.2011.18521.x,https://doi.org/10.1111/j.1365-2966.2011.18521.x,https://doi.org/10.1111/j.1365-2966.2011.18521.x,https://doi.org/10.1111/j.1365-2966.2011.18521.x,https://doi.org/10.1111/j.1365-2966.2011.18521.x,*,*,https://doi.org/10.1111/j.1365-2966.2011.18521.x,*,*,*,*,https://doi.org/10.1111/j.1365-2966.2011.18521.x,https://doi.org/10.1111/j.1365-2966.2011.18521.x,https://doi.org/10.1111/j.1365-2966.2011.18521.x,https://doi.org/10.1111/j.1365-2966.2011.18521.x,https://doi.org/10.1111/j.1365-2966.2011.18521.x
30,J1048-5838,10:48:12.561,00:00:00.014,-58:38:19.02,00:00:00.10,70.7,0.9,1.23130477663,4e-12,1.219375e-14,7e-20,53510,0.8121466098238764,2.6383284633936633e-12,-8.04277942512662e-15,4.617074810938911e-20,3.9,25.8,1.6,287.47,0.48,6.0,630,7,https://doi.org/10.1111/j.1365-2966.2009.15693.x,https://doi.org/10.3847/1538-4357/aa88c3,https://doi.org/10.3847/1538-4357/aa88c3,https://doi.org/10.3847/1538-4357/aa88c3,https://doi.org/10.3847/1538-4357/aa88c3,https://doi.org/10.3847/1538-4357/aa88c3,https://doi.org/10.3847/1538-4357/aa88c3,https://doi.org/10.3847/1538-4357/aa88c3,https://doi.org/10.3847/1538-4357/aa88c3,https://doi.org/10.3847/1538-4357/aa88c3,https://doi.org/10.3847/1538-4357/aa88c3,https://doi.org/10.3847/1538-4357/aa88c3,https://doi.org/10.3847/1538-4357/aa88c3,https://doi.org/10.3847/1538-4357/aa88c3,https://doi.org/10.1111/j.1365-2966.2009.15693.x,https://doi.org/10.1111/j.1365-2966.2011.18917.x,https://doi.org/10.3847/1538-4357/aa88c3
31,J1059-01,10:59,*,-01:02,*,18.7,*,*,*,*,*,*,0.8121466098238764,2.6383284633936633e-12,*,*,*,*,*,254.53,50.96,*,*,*,https://doi.org/10.1088/0004-637X/809/1/67,https://doi.org/10.1088/0004-637X/809/1/67,https://doi.org/10.1088/0004-637X/809/1/67,https://doi.org/10.1088/0004-637X/809/1/67,*,*,*,*,*,*,*,*,https://doi.org/10.1088/0004-637X/809/1/67,https://doi.org/10.1088/0004-637X/809/1/67,*,*,*
32,J1111-55,11:11,00:07,-55,00:07,235.0,5,*,*,*,*,*,0.8121466098238764,2.6383284633936633e-12,*,*,*,*,*,288.79,5.09,0.4,80,16,https://doi.org/10.1111/j.1365-2966.2011.18917.x,https://doi.org/10.1111/j.1365-2966.2011.18917.x,https://doi.org/10.1111/j.1365-2966.2011.18917.x,https://doi.org/10.1111/j.1365-2966.2011.18917.x,*,*,*,*,*,*,*,*,https://doi.org/10.1111/j.1365-2966.2011.18917.x,https://doi.org/10.1111/j.1365-2966.2011.18917.x,https://doi.org/10.1111/j.1365-2966.2011.18917.x,https://doi.org/10.1111/j.1365-2966.2011.18917.x,https://doi.org/10.1111/j.1365-2966.2011.18917.x
33,J1126-27,11:26,00:02,-27:37,00:36,26.86,0.007,0.358161,8e-06,*,*,*,2.7920404510820553,6.236391904382788e-05,*,*,*,*,*,280.68,31.54,180,*,*,https://doi.org/10.1088/0004-637X/809/1/67,https://doi.org/10.1088/0004-637X/809/1/67,https://doi.org/10.1088/0004-637X/809/1/67,https://doi.org/10.1088/0004-637X/809/1/67,https://doi.org/10.1088/0004-637X/809/1/67,*,*,https://doi.org/10.1088/0004-637X/809/1/67,*,*,*,*,https://doi.org/10.1088/0004-637X/809/1/67,https://doi.org/10.1088/0004-637X/809/1/67,https://doi.org/10.1088/0004-637X/809/1/67,*,*
34,J1129-53,11:29:21,00:00:36,-53:31,00:15,77.0,2.5,1.06288,5e-06,*,*,*,0.9408399819358723,4.4258993580454635e-06,*,*,*,*,*,290.80,7.41,36.2,320,19.1,https://doi.org/10.1111/j.1365-2966.2009.15965.x,https://doi.org/10.1111/j.1365-2966.2009.15965.x,https://doi.org/10.1111/j.1365-2966.2009.15965.x,https://doi.org/10.1111/j.1365-2966.2009.15965.x,https://doi.org/10.1111/j.1365-2966.2009.15965.x,*,*,https://doi.org/10.1111/j.1365-2966.2009.15965.x,*,*,*,*,https://doi.org/10.1111/j.1365-2966.2009.15965.x,https://doi.org/10.1111/j.1365-2966.2009.15965.x,https://doi.org/10.1111/j.1365-2966.2009.15965.x,https://doi.org/10.1111/j.1365-2966.2009.15965.x,https://doi.org/10.1111/j.1365-2966.2009.15965.x
35,J1135-49,11:35:56,00:00:42,-49:25:31,00:07,114.0,20,*,*,*,*,*,0.9408399819358723,4.4258993580454635e-06,*,*,*,*,*,290.53,11.62,1.3,120,9,https://doi.org/10.1111/j.1365-2966.2011.18521.x,https://doi.org/10.1111/j.1365-2966.2011.18521.x,https://doi.org/10.1111/j.1365-2966.2011.18521.x,https://doi.org/10.1111/j.1365-2966.2011.18521.x,*,*,*,*,*,*,*,*,https://doi.org/10.1111/j.1365-2966.2011.18521.x,https://doi.org/10.1111/j.1365-2966.2011.18521.x,https://doi.org/10.1111/j.1365-2966.2011.18521.x,https://doi.org/10.1111/j.1365-2966.2011.18521.x,https://doi.org/10.1111/j.1365-2966.2011.18521.x
36,J1153-21,11:53,00:02,-21:18,00:36,34.8,0.1,2.34348,5e-05,*,*,*,0.42671582432962946,9.104319736665758e-06,*,*,*,*,*,285.19,39.55,150,*,*,https://doi.org/10.1088/0004-637X/809/1/67,https://doi.org/10.1088/0004-637X/809/1/67,https://doi.org/10.1088/0004-637X/809/1/67,https://doi.org/10.1088/0004-637X/809/1/67,https://doi.org/10.1088/0004-637X/809/1/67,*,*,https://doi.org/10.1088/0004-637X/809/1/67,*,*,*,*,https://doi.org/10.1088/0004-637X/809/1/67,https://doi.org/10.1088/0004-637X/809/1/67,https://doi.org/10.1088/0004-637X/809/1/67,*,*
37,J1216-50,12:16:20,00:00:44,-50:27:01,00:07,110.0,20,6.355,0.009,*,*,*,0.15735641227380015,0.00022284936435313944,*,*,*,*,*,297.23,12.03,13,130,9,https://doi.org/10.1111/j.1365-2966.2011.18521.x,https://doi.org/10.1111/j.1365-2966.2011.18521.x,https://doi.org/10.1111/j.1365-2966.2011.18521.x,https://doi.org/10.1111/j.1365-2966.2011.18521.x,https://doi.org/10.1111/j.1365-2966.2011.18521.x,*,*,https://doi.org/10.1111/j.1365-2966.2011.18521.x,*,*,*,*,https://doi.org/10.1111/j.1365-2966.2011.18521.x,https://doi.org/10.1111/j.1365-2966.2011.18521.x,https://doi.org/10.1111/j.1365-2966.2011.18521.x,https://doi.org/10.1111/j.1365-2966.2011.18521.x,https://doi.org/10.1111/j.1365-2966.2011.18521.x
38,J1226-3223,12:26:46.628,00:00:00.040,-32:23:01,00:00:01,36.7,*,6.1930040852,5e-10,7.05e-15,1e-17,56114,0.16147252387412328,1.3036687983139657e-11,-1.8381730056226915e-16,2.6073375966279317e-19,6.7,0.1,13.9,296.91,30.20,40.9,270,34,https://doi.org/10.1111/j.1365-2966.2009.15965.x,https://doi.org/10.3847/1538-4357/aa88c3,https://doi.org/10.3847/1538-4357/aa88c3,https://doi.org/10.3847/1538-4357/aa6aa9,https://doi.org/10.3847/1538-4357/aa88c3,https://doi.org/10.3847/1538-4357/aa88c3,https://doi.org/10.3847/1538-4357/aa88c3,https://doi.org/10.3847/1538-4357/aa88c3,https://doi.org/10.3847/1538-4357/aa88c3,https://doi.org/10.3847/1538-4357/aa88c3,https://doi.org/10.3847/1538-4357/aa88c3,https://doi.org/10.3847/1538-4357/aa88c3,https://doi.org/10.3847/1538-4357/aa88c3,https://doi.org/10.3847/1538-4357/aa88c3,https://doi.org/10.1111/j.1365-2966.2009.15965.x,https://doi.org/10.1111/j.1365-2966.2009.15965.x,https://doi.org/10.3847/1538-4357/aa88c3
39,J1252+53,12:52,00:13,+53:42,00:17,20.7,0.03,0.2201035829,8e-11,*,*,*,4.5433154100645945,1.6513371932264332e-09,*,*,*,*,*,122.75,63.43,0.09,*,*,https://doi.org/10.3847/1538-4357/ac1da6,https://doi.org/10.3847/1538-4357/ac1da6,https://doi.org/10.3847/1538-4357/ac1da6,https://doi.org/10.3847/1538-4357/ac1da6,https://doi.org/10.3847/1538-4357/ac1da6,*,*,https://doi.org/10.3847/1538-4357/ac1da6,*,*,*,*,https://doi.org/10.3847/1538-4357/ac1da6,https://doi.org/10.3847/1538-4357/ac1da6,https://doi.org/10.3847/1538-4357/ac1da6,*,*
40,J1307-67,13:07:41,00:01:12,-67:03:27,00:07,44.0,2,3.6512,8e-05,*,*,*,0.2738825591586328,6.00093249690256e-06,*,*,*,*,*,304.52,-4.24,11,70,2,https://doi.org/10.1111/j.1365-2966.2011.18917.x,https://doi.org/10.1111/j.1365-2966.2011.18521.x,https://doi.org/10.1111/j.1365-2966.2011.18521.x,https://doi.org/10.1111/j.1365-2966.2011.18917.x,https://doi.org/10.1111/j.1365-2966.2011.18521.x,*,*,https://doi.org/10.1111/j.1365-2966.2011.18521.x,*,*,*,*,https://doi.org/10.1111/j.1365-2966.2011.18521.x,https://doi.org/10.1111/j.1365-2966.2011.18521.x,https://doi.org/10.1111/j.1365-2966.2011.18521.x,https://doi.org/10.1111/j.1365-2966.2011.18521.x,https://doi.org/10.1111/j.1365-2966.2011.18917.x
41,J1311-59,13:11,00:07,-59,00:07,152.0,5,*,*,*,*,*,0.2738825591586328,6.00093249690256e-06,*,*,*,*,*,305.45,3.78,0.3,130,16,https://doi.org/10.1111/j.1365-2966.2011.18917.x,https://doi.org/10.1111/j.1365-2966.2011.18917.x,https://doi.org/10.1111/j.1365-2966.2011.18917.x,https://doi.org/10.1111/j.1365-2966.2011.18917.x,*,*,*,*,*,*,*,*,https://doi.org/10.1111/j.1365-2966.2011.18917.x,https://doi.org/10.1111/j.1365-2966.2011.18917.x,https://doi.org/10.1111/j.1365-2966.2011.18917.x,https://doi.org/10.1111/j.1365-2966.2011.18917.x,https://doi.org/10.1111/j.1365-2966.2011.18917.x
42,J1317-5759,13:17:46.29,00:00:00.03,-57:59:30.5,00:00:00.3,145.3,0.3,2.6421985132,5e-11,1.256e-14,3e-18,53911,0.37847269802180283,7.1620791573951385e-12,-1.7991142843376588e-15,4.2972474944370825e-19,5.8,2.7,3.3,306.43,4.70,4.5,380,12,https://doi.org/10.1038/nature04440,https://doi.org/10.1111/j.1365-2966.2009.15584.x,https://doi.org/10.1111/j.1365-2966.2009.15584.x,https://doi.org/10.1111/j.1365-2966.2009.15584.x,https://doi.org/10.1111/j.1365-2966.2009.15584.x,https://doi.org/10.1111/j.1365-2966.2009.15584.x,https://doi.org/10.1111/j.1365-2966.2009.15584.x,https://doi.org/10.1111/j.1365-2966.2009.15584.x,https://doi.org/10.1111/j.1365-2966.2009.15584.x,https://doi.org/10.1111/j.1365-2966.2009.15584.x,https://doi.org/10.1111/j.1365-2966.2009.15584.x,https://doi.org/10.1111/j.1365-2966.2009.15584.x,https://doi.org/10.1111/j.1365-2966.2009.15584.x,https://doi.org/10.1111/j.1365-2966.2009.15584.x,https://doi.org/10.1038/nature04440,https://doi.org/10.1111/j.1365-2966.2009.15584.x,https://doi.org/10.1111/j.1365-2966.2009.15584.x
43,J1332-03,13:32,00:02,-03:26,00:36,27.1,0.2,1.1064,5e-05,*,*,*,0.9038322487346349,4.084563669263534e-05,*,*,*,*,*,322.25,57.91,51,*,*,https://doi.org/10.1088/0004-637X/809/1/67,https://doi.org/10.1088/0004-637X/809/1/67,https://doi.org/10.1088/0004-637X/809/1/67,https://doi.org/10.1088/0004-637X/809/1/67,https://doi.org/10.1088/0004-637X/809/1/67,*,*,https://doi.org/10.1088/0004-637X/809/1/67,*,*,*,*,https://doi.org/10.1088/0004-637X/809/1/67,https://doi.org/10.1088/0004-637X/809/1/67,https://doi.org/10.1088/0004-637X/809/1/67,*,*
44,J1336-20,13:36,*,-20:34,*,19.3,*,0.184,*,*,*,*,5.434782608695652,0.0,*,*,*,*,*,316.82,41.10,*,*,*,https://doi.org/10.1088/0004-637X/809/1/67,https://doi.org/10.1088/0004-637X/809/1/67,https://doi.org/10.1088/0004-637X/809/1/67,https://doi.org/10.1088/0004-637X/809/1/67,https://doi.org/10.1088/0004-637X/809/1/67,*,*,https://doi.org/10.1088/0004-637X/809/1/67,*,*,*,*,https://doi.org/10.1088/0004-637X/809/1/67,https://doi.org/10.1088/0004-637X/809/1/67,*,*,*
45,J1354+24,13:54,*,+24:54,*,20.0,*,*,*,*,*,*,5.435,0.0,*,*,*,*,*,27.43,75.78,*,*,*,https://doi.org/10.1088/0004-637X/809/1/67,https://doi.org/10.1088/0004-637X/809/1/67,https://doi.org/10.1088/0004-637X/809/1/67,https://doi.org/10.1088/0004-637X/809/1/67,*,*,*,*,*,*,*,*,https://doi.org/10.1088/0004-637X/809/1/67,https://doi.org/10.1088/0004-637X/809/1/67,*,*,*
46,J1354+25,13:54,*,+24:54,*,20.0,*,*,*,*,*,*,5.435,0.0,*,*,*,*,*,27.43,75.78,*,*,*,https://doi.org/10.1088/0004-637X/809/1/67,https://doi.org/10.1088/0004-637X/809/1/67,https://doi.org/10.1088/0004-637X/809/1/67,https://doi.org/10.1088/0004-637X/809/1/67,*,*,*,*,*,*,*,*,https://doi.org/10.1088/0004-637X/809/1/67,https://doi.org/10.1088/0004-637X/809/1/67,*,*,*
47,J1404-58,14:04,00:07,-58,00:07,229.0,5,*,*,*,*,*,5.435,0.0,*,*,*,*,*,312.45,3.52,1.1,220,4,https://doi.org/10.1111/j.1365-2966.2011.18917.x,https://doi.org/10.1111/j.1365-2966.2011.18917.x,https://doi.org/10.1111/j.1365-2966.2011.18917.x,https://doi.org/10.1111/j.1365-2966.2011.18917.x,*,*,*,*,*,*,*,*,https://doi.org/10.1111/j.1365-2966.2011.18917.x,https://doi.org/10.1111/j.1365-2966.2011.18917.x,https://doi.org/10.1111/j.1365-2966.2011.18917.x,https://doi.org/10.1111/j.1365-2966.2011.18917.x,https://doi.org/10.1111/j.1365-2966.2011.18917.x
48,J1424-56,14:24:23,00:00:50,-56:40:47,00:07,32.9,1.1,1.427,*,*,*,*,0.7007708479327259,0.0,*,*,*,*,*,315.48,3.91,7,110,7,https://doi.org/10.1111/j.1365-2966.2009.15693.x,https://doi.org/10.1111/j.1365-2966.2011.18521.x,https://doi.org/10.1111/j.1365-2966.2011.18521.x,https://doi.org/10.1111/j.1365-2966.2011.18917.x, https://doi.org/10.1111/j.1365-2966.2011.18917.x,*,*, https://doi.org/10.1111/j.1365-2966.2011.18917.x,*,*,*,*,https://doi.org/10.1111/j.1365-2966.2011.18521.x,https://doi.org/10.1111/j.1365-2966.2011.18521.x,https://doi.org/10.1111/j.1365-2966.2011.18521.x,https://doi.org/10.1111/j.1365-2966.2011.18521.x,https://doi.org/10.1111/j.1365-2966.2011.18917.x
49,J1433+00,14:33:30,00:01:53,+00:28,00:08,23.5,*,*,*,*,*,*,0.701,0.0,*,*,*,*,*,349.75,53.79,2,*,*,https://doi.org/10.3847/0004-637X/821/1/10,https://doi.org/10.3847/0004-637X/821/1/10,https://doi.org/10.3847/0004-637X/821/1/10,https://doi.org/10.3847/0004-637X/821/1/10,*,*,*,*,*,*,*,*,https://doi.org/10.3847/0004-637X/821/1/10,https://doi.org/10.3847/0004-637X/821/1/10,https://doi.org/10.3847/0004-637X/821/1/10,*,*
50,J1439+76,14:39,00:02,+76:55,00:36,22.29,0.02,0.947903,2e-06,*,*,*,1.0549602649216216,2.2258823211269964e-06,*,*,*,*,*,115.40,38.60,450,*,*,https://doi.org/10.1088/0004-637X/809/1/67,https://doi.org/10.1088/0004-637X/809/1/67,https://doi.org/10.1088/0004-637X/809/1/67,https://doi.org/10.1088/0004-637X/809/1/67,https://doi.org/10.1088/0004-637X/809/1/67,*,*,https://doi.org/10.1088/0004-637X/809/1/67,*,*,*,*,https://doi.org/10.1088/0004-637X/809/1/67,https://doi.org/10.1088/0004-637X/809/1/67,https://doi.org/10.1088/0004-637X/809/1/67,*,*
51,J1444-6026,14:44:06.02,00:00:00.07,-60:26:09.4,00:00:00.4,145.3,1.4,4.7585755679,2e-10,1.8542e-14,8e-18,53893,0.21014692017201872,8.832345611556962e-12,-8.188467616474458e-16,3.5329382446227845e-19,9.5,0.7,4.1,316.40,-0.54,0.78,220,21,https://doi.org/10.1038/nature04440,https://doi.org/10.1111/j.1365-2966.2009.15584.x,https://doi.org/10.1111/j.1365-2966.2009.15584.x,https://doi.org/10.1111/j.1365-2966.2009.15584.x,https://doi.org/10.1111/j.1365-2966.2009.15584.x,https://doi.org/10.1111/j.1365-2966.2009.15584.x,https://doi.org/10.1111/j.1365-2966.2009.15584.x,https://doi.org/10.1111/j.1365-2966.2009.15584.x,https://doi.org/10.1111/j.1365-2966.2009.15584.x,https://doi.org/10.1111/j.1365-2966.2009.15584.x,https://doi.org/10.1111/j.1365-2966.2009.15584.x,https://doi.org/10.1111/j.1365-2966.2009.15584.x,https://doi.org/10.1111/j.1365-2966.2009.15584.x,https://doi.org/10.1111/j.1365-2966.2009.15584.x,https://doi.org/10.1038/nature04440,https://doi.org/10.1111/j.1365-2966.2009.15584.x,https://doi.org/10.1111/j.1365-2966.2009.15584.x
52,J1513-5946,15:13:44.78,00:00:00.01,-59:46:31.9,00:00:00.7,171.7,0.9,1.046117156733,8e-12,8.5284e-15,4e-19,54909,0.9559158776469904,7.310201321100928e-12,-7.793040118359645e-15,3.6551006605504645e-19,3.0,29.4,1.9,319.97,-1.70,20,830,3.3,https://doi.org/10.1111/j.1365-2966.2009.15693.x,https://doi.org/10.1111/j.1365-2966.2011.18917.x,https://doi.org/10.1111/j.1365-2966.2011.18917.x,https://doi.org/10.1111/j.1365-2966.2011.18917.x,https://doi.org/10.1111/j.1365-2966.2011.18917.x,https://doi.org/10.1111/j.1365-2966.2011.18917.x,https://doi.org/10.1111/j.1365-2966.2011.18917.x,https://doi.org/10.1111/j.1365-2966.2011.18917.x,https://doi.org/10.1111/j.1365-2966.2011.18917.x,https://doi.org/10.1111/j.1365-2966.2011.18917.x,https://doi.org/10.1111/j.1365-2966.2011.18917.x,https://doi.org/10.1111/j.1365-2966.2011.18917.x,https://doi.org/10.1111/j.1365-2966.2011.18917.x,https://doi.org/10.1111/j.1365-2966.2011.18917.x,https://doi.org/10.1111/j.1365-2966.2009.15693.x,https://doi.org/10.1111/j.1365-2966.2009.15693.x,https://doi.org/10.1111/j.1365-2966.2009.15693.x
53,J1534-46,15:34:08,00:00:42,-46:14,00:15,64.4,7.8,0.364835,9e-06,*,*,*,2.74096509380953,6.761600680934058e-05,*,*,*,*,*,330.01,7.91,*,140,25.5,https://doi.org/10.1111/j.1365-2966.2009.15965.x,https://doi.org/10.1111/j.1365-2966.2009.15965.x,https://doi.org/10.1111/j.1365-2966.2009.15965.x,https://doi.org/10.1111/j.1365-2966.2009.15965.x,https://doi.org/10.1111/j.1365-2966.2009.15965.x,*,*,https://doi.org/10.1111/j.1365-2966.2009.15965.x,*,*,*,*,https://doi.org/10.1111/j.1365-2966.2009.15965.x,https://doi.org/10.1111/j.1365-2966.2009.15965.x,*,https://doi.org/10.1111/j.1365-2966.2009.15965.x,https://doi.org/10.1111/j.1365-2966.2009.15965.x
54,J1538+2345,15:38:06.07,00:00:00.02,+23:45:04.0,00:00:00.2,14.909,0.001,3.44938495332,9e-11,6.89e-15,1e-17,56745,0.28990675541664596,7.564133415258628e-12,-5.7907643590146615e-16,8.404592683620699e-19,4.9,0.7,7.9,37.32,52.39,129,*,*,https://doi.org/10.1088/0004-637X/809/1/67,https://doi.org/10.1088/0004-637X/809/1/67,https://doi.org/10.1088/0004-637X/809/1/67,https://doi.org/10.1088/0004-637X/809/1/67,https://doi.org/10.1088/0004-637X/809/1/67,https://doi.org/10.1088/0004-637X/809/1/67,https://doi.org/10.1088/0004-637X/809/1/67,https://doi.org/10.1088/0004-637X/809/1/67,https://doi.org/10.1088/0004-637X/809/1/67,https://doi.org/10.1088/0004-637X/809/1/67,https://doi.org/10.1088/0004-637X/809/1/67,https://doi.org/10.1088/0004-637X/809/1/67,https://doi.org/10.1088/0004-637X/809/1/67,https://doi.org/10.1088/0004-637X/809/1/67,https://doi.org/10.1088/0004-637X/809/1/67,*,*
55,J1541-42,15:41:44,00:00:38,-42:18:50,00:07,60.0,10,*,*,*,*,*,0.28990675541664596,7.564133415258628e-12,*,*,*,*,*,333.49,10.23,7,150,4,https://doi.org/10.1111/j.1365-2966.2011.18521.x,https://doi.org/10.1111/j.1365-2966.2011.18521.x,https://doi.org/10.1111/j.1365-2966.2011.18521.x,https://doi.org/10.1111/j.1365-2966.2011.18521.x,*,*,*,*,*,*,*,*,https://doi.org/10.1111/j.1365-2966.2011.18521.x,https://doi.org/10.1111/j.1365-2966.2011.18521.x,https://doi.org/10.1111/j.1365-2966.2011.18521.x,https://doi.org/10.1111/j.1365-2966.2011.18521.x,https://doi.org/10.1111/j.1365-2966.2011.18521.x
56,J1549-57,15:49:05,00:00:52,-57:21:37,00:07,17.7,3.5,0.7375,0.0003,*,*,*,1.3559322033898304,0.0005515656420568802,*,*,*,*,*,325.13,-2.35,73,210,4,https://doi.org/10.1111/j.1365-2966.2011.18521.x,https://doi.org/10.1111/j.1365-2966.2011.18521.x,https://doi.org/10.1111/j.1365-2966.2011.18521.x,https://doi.org/10.1111/j.1365-2966.2011.18521.x,https://doi.org/10.1111/j.1365-2966.2011.18521.x,*,*,https://doi.org/10.1111/j.1365-2966.2011.18521.x,*,*,*,*,https://doi.org/10.1111/j.1365-2966.2011.18521.x,https://doi.org/10.1111/j.1365-2966.2011.18521.x,https://doi.org/10.1111/j.1365-2966.2011.18521.x,https://doi.org/10.1111/j.1365-2966.2011.18521.x,https://doi.org/10.1111/j.1365-2966.2011.18521.x
57,J1554+18,15:54:17,00:01:58,+18:04,00:08,24.0,*,*,*,*,*,*,1.3559322033898304,0.0005515656420568802,*,*,*,*,*,30.69,47.07,11,*,*,https://doi.org/10.3847/0004-637X/821/1/10,https://doi.org/10.3847/0004-637X/821/1/10,https://doi.org/10.3847/0004-637X/821/1/10,https://doi.org/10.3847/0004-637X/821/1/10,*,*,*,*,*,*,*,*,https://doi.org/10.3847/0004-637X/821/1/10,https://doi.org/10.3847/0004-637X/821/1/10,https://doi.org/10.3847/0004-637X/821/1/10,*,*
58,J1554-5209,15:54:27.15,00:00:00.02,-52:09:39.3,00:00:00.4,130.8,0.3,0.1252295584025,7e-13,2.29442e-15,5e-20,55039,7.985335193676102,4.46359047087535e-11,-1.4630501783122598e-13,3.1882789077681067e-18,0.5,4614.8,0.9,329.01,1.19,50.3,1400,1.0,https://doi.org/10.1111/j.1365-2966.2009.15693.x,https://doi.org/10.1111/j.1365-2966.2011.18917.x,https://doi.org/10.1111/j.1365-2966.2011.18917.x,https://doi.org/10.1111/j.1365-2966.2011.18917.x,https://doi.org/10.1111/j.1365-2966.2011.18917.x,https://doi.org/10.1111/j.1365-2966.2011.18917.x,https://doi.org/10.1111/j.1365-2966.2011.18917.x,https://doi.org/10.1111/j.1365-2966.2011.18917.x,https://doi.org/10.1111/j.1365-2966.2011.18917.x,https://doi.org/10.1111/j.1365-2966.2011.18917.x,https://doi.org/10.1111/j.1365-2966.2011.18917.x,https://doi.org/10.1111/j.1365-2966.2011.18917.x,https://doi.org/10.1111/j.1365-2966.2011.18917.x,https://doi.org/10.1111/j.1365-2966.2011.18917.x,https://doi.org/10.1111/j.1365-2966.2009.15693.x,https://doi.org/10.1111/j.1365-2966.2009.15693.x,https://doi.org/10.1111/j.1365-2966.2009.15693.x
59,J1603+18,16:03:34,00:01:58,+18:51,00:08,29.7,*,0.503,*,*,*,*,1.9880715705765408,0.0,*,*,*,*,*,32.85,45.28,4,*,*,https://doi.org/10.3847/0004-637X/821/1/10,https://doi.org/10.3847/0004-637X/821/1/10,https://doi.org/10.3847/0004-637X/821/1/10,https://doi.org/10.3847/0004-637X/821/1/10,https://doi.org/10.3847/0004-637X/821/1/10,*,*,https://doi.org/10.3847/0004-637X/821/1/10,*,*,*,*,https://doi.org/10.3847/0004-637X/821/1/10,https://doi.org/10.3847/0004-637X/821/1/10,https://doi.org/10.3847/0004-637X/821/1/10,*,*
60,J1610-17,16:10:11,00:00:57,-17:50,00:15,52.5,3.0,*,*,*,*,*,1.988,0.0,*,*,*,*,*,355.61,24.11,13.6,230,5,https://doi.org/10.1111/j.1365-2966.2009.15965.x,https://doi.org/10.1111/j.1365-2966.2009.15965.x,https://doi.org/10.1111/j.1365-2966.2009.15965.x,https://doi.org/10.1111/j.1365-2966.2009.15965.x,*,*,*,*,*,*,*,*,https://doi.org/10.1111/j.1365-2966.2009.15965.x,https://doi.org/10.1111/j.1365-2966.2009.15965.x,https://doi.org/10.1111/j.1365-2966.2009.15965.x,https://doi.org/10.1111/j.1365-2966.2009.15965.x,https://doi.org/10.1111/j.1365-2966.2009.15965.x
61,J1611-01,16:11,00:02,-01:28,00:36,27.21,0.07,1.29687,2e-05,*,*,*,0.7710873102161357,1.1891512799527105e-05,*,*,*,*,*,10.45,34.16,51,*,*,https://doi.org/10.1088/0004-637X/809/1/67,https://doi.org/10.1088/0004-637X/809/1/67,https://doi.org/10.1088/0004-637X/809/1/67,https://doi.org/10.1088/0004-637X/809/1/67,https://doi.org/10.1088/0004-637X/809/1/67,*,*,https://doi.org/10.1088/0004-637X/809/1/67,*,*,*,*,https://doi.org/10.1088/0004-637X/809/1/67,https://doi.org/10.1088/0004-637X/809/1/67,https://doi.org/10.1088/0004-637X/809/1/67,*,*
62,J1623-0841,16:23:42.6827,00:00:00.0097,-08:41:36.6,00:00:00.5,59.79,0.02,0.5030150056,1e-11,1.9556e-15,7e-19,55079,1.9880122637836473,3.952192760954181e-11,-7.728908163321997e-15,2.766534932667927e-18,1.0,60.7,4.1,5.77,27.37,35.77,*,*,https://doi.org/10.1088/0004-637X/763/2/80,https://doi.org/10.3847/1538-4357/aa88c3,https://doi.org/10.3847/1538-4357/aa88c3,https://doi.org/10.3847/1538-4357/aa88c3,https://doi.org/10.3847/1538-4357/aa88c3,https://doi.org/10.3847/1538-4357/aa88c3,https://doi.org/10.3847/1538-4357/aa88c3,https://doi.org/10.3847/1538-4357/aa88c3,https://doi.org/10.3847/1538-4357/aa88c3,https://doi.org/10.3847/1538-4357/aa88c3,https://doi.org/10.3847/1538-4357/aa88c3,https://doi.org/10.3847/1538-4357/aa88c3,https://doi.org/10.3847/1538-4357/aa88c3,https://doi.org/10.3847/1538-4357/aa88c3,https://doi.org/10.3847/1538-4357/aa6aa9,*,*
63,J1647-3607,16:47:46.51,00:00:00.02,-36:07:04,00:00:01,224.0,1,0.21231640921,5e-11,1.29e-16,2e-18,54984,4.709951546942894,1.109182178727488e-09,-2.861690021116919e-15,4.436728714909952e-17,0.2,53.2,26.1,347.08,5.77,436.4,0.16,9.9,https://doi.org/10.1111/j.1365-2966.2009.15965.x,https://doi.org/10.1111/j.1365-2966.2012.22042.x,https://doi.org/10.1111/j.1365-2966.2012.22042.x,https://doi.org/10.1111/j.1365-2966.2012.22042.x,0.21231640921,https://doi.org/10.1111/j.1365-2966.2012.22042.x,https://doi.org/10.1111/j.1365-2966.2012.22042.x,0.21231640921,https://doi.org/10.1111/j.1365-2966.2012.22042.x,https://doi.org/10.1111/j.1365-2966.2012.22042.x,https://doi.org/10.1111/j.1365-2966.2012.22042.x,https://doi.org/10.1111/j.1365-2966.2012.22042.x,https://doi.org/10.1111/j.1365-2966.2012.22042.x,https://doi.org/10.1111/j.1365-2966.2012.22042.x,https://doi.org/10.1111/j.1365-2966.2009.15965.x,https://doi.org/10.1093/mnras/stx3095,https://doi.org/10.1093/mnras/stx3095
64,J1649-46,16:49,00:07,-46,00:07,394.0,10,*,*,*,*,*,4.709951546942894,1.109182178727488e-09,*,*,*,*,*,339.65,-0.76,0.3,135,16,https://doi.org/10.1111/j.1365-2966.2011.18917.x,https://doi.org/10.1111/j.1365-2966.2011.18917.x,https://doi.org/10.1111/j.1365-2966.2011.18917.x,https://doi.org/10.1111/j.1365-2966.2011.18917.x,*,*,*,*,*,*,*,*,https://doi.org/10.1111/j.1365-2966.2011.18917.x,https://doi.org/10.1111/j.1365-2966.2011.18917.x,https://doi.org/10.1111/j.1365-2966.2011.18917.x,https://doi.org/10.1111/j.1365-2966.2011.18917.x,https://doi.org/10.1111/j.1365-2966.2011.18917.x
65,J1652-4406,16:52:59.5,00:00:00.2,-44:06:05,00:00:04,786.0,10,7.707183007,4e-09,9.5e-15,2e-16,54947,0.12974909238456597,6.733930789847455e-11,-1.5993085625887706e-16,3.3669653949237276e-18,8.7,0.1,12.9,341.56,-0.09,0.7,40,64,https://doi.org/10.1111/j.1365-2966.2011.18917.x,https://doi.org/10.1111/j.1365-2966.2011.18917.x,https://doi.org/10.1111/j.1365-2966.2011.18917.x,https://doi.org/10.1111/j.1365-2966.2011.18917.x,https://doi.org/10.1111/j.1365-2966.2011.18917.x,https://doi.org/10.1111/j.1365-2966.2011.18917.x,https://doi.org/10.1111/j.1365-2966.2011.18917.x,https://doi.org/10.1111/j.1365-2966.2011.18917.x,https://doi.org/10.1111/j.1365-2966.2011.18917.x,https://doi.org/10.1111/j.1365-2966.2011.18917.x,https://doi.org/10.1111/j.1365-2966.2011.18917.x,https://doi.org/10.1111/j.1365-2966.2011.18917.x,https://doi.org/10.1111/j.1365-2966.2011.18917.x,https://doi.org/10.1111/j.1365-2966.2011.18917.x,https://doi.org/10.1111/j.1365-2966.2011.18917.x,https://doi.org/10.1111/j.1365-2966.2011.18917.x,https://doi.org/10.1111/j.1365-2966.2011.18917.x
66,J1654-2335,16:54:03,00:00:31,-23:35,00:07,74.5,2.5,0.54535972,3e-08,*,*,*,1.833652107640073,1.0086840155558645e-07,*,*,*,*,*,357.86,12.55,40.9,710,0.52,https://doi.org/10.1111/j.1365-2966.2011.18917.x,https://doi.org/10.1111/j.1365-2966.2011.18917.x,https://doi.org/10.1111/j.1365-2966.2011.18917.x,https://doi.org/10.1111/j.1365-2966.2009.15965.x,https://doi.org/10.1111/j.1365-2966.2011.18917.x,*,*,https://doi.org/10.1111/j.1365-2966.2011.18917.x,*,*,*,*,https://doi.org/10.1111/j.1365-2966.2011.18917.x,https://doi.org/10.1111/j.1365-2966.2011.18917.x,https://doi.org/10.1111/j.1365-2966.2009.15965.x,https://doi.org/10.1111/j.1365-2966.2009.15965.x,https://doi.org/10.1111/j.1365-2966.2009.15965.x
67,J1703-38,17:03:26,00:00:37,-38:12,00:07,375.0,12,6.443,0.001,*,*,*,0.1552072016141549,2.4089275432896928e-05,*,*,*,*,*,347.41,2.04,3.2,160,9.0,https://doi.org/10.1111/j.1365-2966.2009.15693.x,https://doi.org/10.1111/j.1365-2966.2011.18917.x,https://doi.org/10.1111/j.1365-2966.2011.18917.x,https://doi.org/10.1111/j.1365-2966.2011.18917.x,https://doi.org/10.1111/j.1365-2966.2011.18917.x,*,*,https://doi.org/10.1111/j.1365-2966.2011.18917.x,*,*,*,*,https://doi.org/10.1111/j.1365-2966.2011.18917.x,https://doi.org/10.1111/j.1365-2966.2011.18917.x,https://doi.org/10.1111/j.1365-2966.2009.15693.x,https://doi.org/10.1111/j.1365-2966.2009.15693.x,https://doi.org/10.1111/j.1365-2966.2009.15693.x
68,J1705-04,17:05,00:02,-04:41,00:36,42.951,0.009,0.23748,2e-05,*,*,*,4.210880916287687,0.0003546303618231167,*,*,*,*,*,15.71,21.10,26,*,*,https://doi.org/10.1088/0004-637X/809/1/67,https://doi.org/10.1088/0004-637X/809/1/67,https://doi.org/10.1088/0004-637X/809/1/67,https://doi.org/10.1088/0004-637X/809/1/67,https://doi.org/10.1088/0004-637X/809/1/67,*,*,https://doi.org/10.1088/0004-637X/809/1/67,*,*,*,*,https://doi.org/10.1088/0004-637X/809/1/67,https://doi.org/10.1088/0004-637X/809/1/67,https://doi.org/10.1088/0004-637X/809/1/67,*,*
69,J1707-4417,17:07:41.41,00:00:00.03,-44:17:19,00:00:01,380.0,10,5.763777003,4e-10,1.165e-14,2e-17,54999,0.17349734375211046,1.2040531315615192e-11,-3.5068047456729246e-16,6.020265657807596e-19,8.3,0.2,7.8,343.04,-2.28,8.5,575,12.1,https://doi.org/10.1111/j.1365-2966.2009.15693.x,https://doi.org/10.1111/j.1365-2966.2011.18917.x,https://doi.org/10.1111/j.1365-2966.2011.18917.x,https://doi.org/10.1111/j.1365-2966.2011.18917.x,https://doi.org/10.1111/j.1365-2966.2011.18917.x,https://doi.org/10.1111/j.1365-2966.2011.18917.x,https://doi.org/10.1111/j.1365-2966.2011.18917.x,https://doi.org/10.1111/j.1365-2966.2011.18917.x,https://doi.org/10.1111/j.1365-2966.2011.18917.x,https://doi.org/10.1111/j.1365-2966.2011.18917.x,https://doi.org/10.1111/j.1365-2966.2011.18917.x,https://doi.org/10.1111/j.1365-2966.2011.18917.x,https://doi.org/10.1111/j.1365-2966.2011.18917.x,https://doi.org/10.1111/j.1365-2966.2011.18917.x,https://doi.org/10.1111/j.1365-2966.2009.15693.x,https://doi.org/10.1111/j.1365-2966.2009.15693.x,https://doi.org/10.1111/j.1365-2966.2009.15693.x
70,J1709-43,17:09:47,00:00:39,-43:54:43,00:07,228.0,20,*,*,*,*,*,0.17349734375211046,1.2040531315615192e-11,*,*,*,*,*,343.57,-2.36,7,240,3,https://doi.org/10.1111/j.1365-2966.2011.18521.x,https://doi.org/10.1111/j.1365-2966.2011.18521.x,https://doi.org/10.1111/j.1365-2966.2011.18521.x,https://doi.org/10.1111/j.1365-2966.2011.18521.x,*,*,*,*,*,*,*,*,https://doi.org/10.1111/j.1365-2966.2011.18521.x,https://doi.org/10.1111/j.1365-2966.2011.18521.x,https://doi.org/10.1111/j.1365-2966.2011.18521.x,https://doi.org/10.1111/j.1365-2966.2011.18521.x,https://doi.org/10.1111/j.1365-2966.2011.18521.x
71,J1717+03,17:17:56,00:01:54,+03:11,00:08,25.6,*,3.901,*,*,*,*,0.2563445270443476,0.0,*,*,*,*,*,24.78,22.20,8,*,*,https://doi.org/10.3847/0004-637X/821/1/10,https://doi.org/10.3847/0004-637X/821/1/10,https://doi.org/10.3847/0004-637X/821/1/10,https://doi.org/10.3847/0004-637X/821/1/10,https://doi.org/10.3847/0004-637X/821/1/10,*,*,https://doi.org/10.3847/0004-637X/821/1/10,*,*,*,*,https://doi.org/10.3847/0004-637X/821/1/10,https://doi.org/10.3847/0004-637X/821/1/10,https://doi.org/10.3847/0004-637X/821/1/10,*,*
72,J1720+00,17:20:55,00:01:53,+00:40,00:08,46.2,*,3.357,*,*,*,*,0.29788501638367587,0.0,*,*,*,*,*,22.79,20.35,33,*,*,https://doi.org/10.3847/0004-637X/821/1/10,https://doi.org/10.3847/0004-637X/821/1/10,https://doi.org/10.3847/0004-637X/821/1/10,https://doi.org/10.3847/0004-637X/821/1/10,https://doi.org/10.3847/0004-637X/821/1/10,*,*,https://doi.org/10.3847/0004-637X/821/1/10,*,*,*,*,https://doi.org/10.3847/0004-637X/821/1/10,https://doi.org/10.3847/0004-637X/821/1/10,https://doi.org/10.3847/0004-637X/821/1/10,*,*
73,J1724-35,17:24:43,00:00:36,-35:49,00:07,554.9,9.9,1.42199,2e-05,*,*,*,0.7032398258778191,9.890925054013308e-06,*,*,*,*,*,351.83,-0.01,3.4,180,5.9,https://doi.org/10.1111/j.1365-2966.2009.14524.x,https://doi.org/10.1111/j.1365-2966.2011.18917.x,https://doi.org/10.1111/j.1365-2966.2011.18917.x,https://doi.org/10.1111/j.1365-2966.2009.15693.x,https://doi.org/10.1111/j.1365-2966.2009.15693.x,*,*,https://doi.org/10.1111/j.1365-2966.2009.15693.x,*,*,*,*,https://doi.org/10.1111/j.1365-2966.2011.18917.x,https://doi.org/10.1111/j.1365-2966.2011.18917.x,https://doi.org/10.1111/j.1365-2966.2009.15693.x,https://doi.org/10.1111/j.1365-2966.2009.15693.x,https://doi.org/10.1111/j.1365-2966.2009.15693.x
74,J1727-29,17:27:19,00:00:33,-29:59,00:07,93.0,10,*,*,*,*,*,0.7032398258778191,9.890925054013308e-06,*,*,*,*,*,356.97,2.80,0.9,160,7.2,https://doi.org/10.1111/j.1365-2966.2009.15693.x,https://doi.org/10.1111/j.1365-2966.2011.18917.x,https://doi.org/10.1111/j.1365-2966.2011.18917.x,https://doi.org/10.1111/j.1365-2966.2011.18917.x,*,*,*,*,*,*,*,*,https://doi.org/10.1111/j.1365-2966.2011.18917.x,https://doi.org/10.1111/j.1365-2966.2011.18917.x,https://doi.org/10.1111/j.1365-2966.2009.15693.x,https://doi.org/10.1111/j.1365-2966.2009.15693.x,https://doi.org/10.1111/j.1365-2966.2009.15693.x
75,J1739-2521,17:39:32.629,00:00:00.054,-25:21:56,00:00:15,186.4,*,1.81846119286,2.4e-10,2.4e-16,2e-17,55631,0.5499155021434587,7.257769427944618e-11,-7.257769427944619e-17,6.048141189953849e-18,0.7,0.2,120.1,2.33,3.03,22.64,*,*,https://doi.org/10.3847/1538-4357/aa6aa9,https://doi.org/10.3847/1538-4357/aa88c3,https://doi.org/10.3847/1538-4357/aa88c3,https://doi.org/10.3847/1538-4357/aa6aa9,https://doi.org/10.3847/1538-4357/aa88c3,https://doi.org/10.3847/1538-4357/aa88c3,https://doi.org/10.3847/1538-4357/aa88c3,https://doi.org/10.3847/1538-4357/aa88c3,https://doi.org/10.3847/1538-4357/aa88c3,https://doi.org/10.3847/1538-4357/aa88c3,https://doi.org/10.3847/1538-4357/aa88c3,https://doi.org/10.3847/1538-4357/aa88c3,https://doi.org/10.3847/1538-4357/aa88c3,https://doi.org/10.3847/1538-4357/aa88c3,https://doi.org/10.3847/1538-4357/aa6aa9,*,*
76,J1753-12,17:52:53,00:00:58,-12:59,00:15,73.2,5.2,0.405454,1e-06,*,*,*,2.4663710309924185,6.082986062518606e-06,*,*,*,*,*,14.61,6.70,40.9,160,18.8,https://doi.org/10.1111/j.1365-2966.2009.15965.x,https://doi.org/10.1111/j.1365-2966.2009.15965.x,https://doi.org/10.1111/j.1365-2966.2009.15965.x,https://doi.org/10.1111/j.1365-2966.2009.15965.x,https://doi.org/10.1111/j.1365-2966.2009.15965.x,*,*,https://doi.org/10.1111/j.1365-2966.2009.15965.x,*,*,*,*,https://doi.org/10.1111/j.1365-2966.2009.15965.x,https://doi.org/10.1111/j.1365-2966.2009.15965.x,https://doi.org/10.1111/j.1365-2966.2009.15965.x,https://doi.org/10.1111/j.1365-2966.2009.15965.x,https://doi.org/10.1111/j.1365-2966.2009.15965.x
77,J1753-38,17:53,00:01,-38:49,00:07,168.4,1.3,0.666804,*,*,*,*,1.49969106364089,0.0,*,*,*,*,*,352.28,-6.37,26.3,440,4.8,https://doi.org/10.1111/j.1365-2966.2009.15965.x,https://doi.org/10.1111/j.1365-2966.2010.17325.x,https://doi.org/10.1111/j.1365-2966.2010.17325.x,https://doi.org/10.1111/j.1365-2966.2009.15965.x,https://doi.org/10.1111/j.1365-2966.2010.17325.x,*,*,https://doi.org/10.1111/j.1365-2966.2010.17325.x,*,*,*,*,https://doi.org/10.1111/j.1365-2966.2010.17325.x,https://doi.org/10.1111/j.1365-2966.2010.17325.x,https://doi.org/10.1111/j.1365-2966.2009.15965.x,https://doi.org/10.1111/j.1365-2966.2009.15965.x,https://doi.org/10.1111/j.1365-2966.2009.15965.x
78,J1754-3014,17:54:30.181,00:00:00.040,-30:15:03,00:00:05,89.7,0.07,1.3204904144,3e-10,4.428e-15,1.9e-17,55292,0.7572944029695032,1.720484438306809e-10,-2.5394350309408505e-15,1.0896401442609791e-17,2.4,7.6,4.7,359.86,-2.33,0.6,160,16,https://doi.org/10.1038/nature04440,https://doi.org/10.3847/1538-4357/aa88c3,https://doi.org/10.3847/1538-4357/aa88c3,https://doi.org/10.3847/1538-4357/aa88c3,https://doi.org/10.3847/1538-4357/aa88c3,https://doi.org/10.3847/1538-4357/aa88c3,https://doi.org/10.3847/1538-4357/aa88c3,https://doi.org/10.3847/1538-4357/aa88c3,https://doi.org/10.3847/1538-4357/aa88c3,https://doi.org/10.3847/1538-4357/aa88c3,https://doi.org/10.3847/1538-4357/aa88c3,https://doi.org/10.3847/1538-4357/aa88c3,https://doi.org/10.3847/1538-4357/aa88c3,https://doi.org/10.3847/1538-4357/aa88c3,https://doi.org/10.1038/nature04440,https://doi.org/10.1038/nature04440,https://doi.org/10.1038/nature04440
79,J1807-2557,18:07:13.66,00:00:00.01,-25:57:20,00:00:05,385.0,10,2.76419486975,4e-11,4.994e-15,2e-18,54984,0.3617689949950751,5.235072229589867e-12,-6.535987678642949e-16,2.6175361147949338e-19,3.8,0.9,8.8,4.99,-2.65,6.2,410,4.0,https://doi.org/10.1111/j.1365-2966.2009.15693.x,https://doi.org/10.1111/j.1365-2966.2011.18917.x,https://doi.org/10.1111/j.1365-2966.2011.18917.x,https://doi.org/10.1111/j.1365-2966.2011.18917.x,https://doi.org/10.1111/j.1365-2966.2011.18917.x,https://doi.org/10.1111/j.1365-2966.2011.18917.x,https://doi.org/10.1111/j.1365-2966.2011.18917.x,https://doi.org/10.1111/j.1365-2966.2011.18917.x,https://doi.org/10.1111/j.1365-2966.2011.18917.x,https://doi.org/10.1111/j.1365-2966.2011.18917.x,https://doi.org/10.1111/j.1365-2966.2011.18917.x,https://doi.org/10.1111/j.1365-2966.2011.18917.x,https://doi.org/10.1111/j.1365-2966.2011.18917.x,https://doi.org/10.1111/j.1365-2966.2011.18917.x,https://doi.org/10.1111/j.1365-2966.2009.15693.x,https://doi.org/10.1111/j.1365-2966.2009.15693.x,https://doi.org/10.1111/j.1365-2966.2009.15693.x
80,J1819-1458,18:19:34.16,00:00:00.01,-14:58:03.57,00:00:00.01,196.0,0.4,4.2632901504,1e-10,5.62717e-13,4e-18,55996.24,0.2345606244759522,5.501868655454866e-12,-3.095995024191596e-14,2.200747462181946e-19,49.6,28.7,0.1,16.02,0.08,17.6,3600,3,https://doi.org/10.1038/nature04440,https://doi.org/10.1093/mnras/sty923,https://doi.org/10.1093/mnras/sty923,https://doi.org/10.1111/j.1365-2966.2008.13669.x,https://doi.org/10.1093/mnras/sty923,https://doi.org/10.1093/mnras/sty923,https://doi.org/10.1093/mnras/sty923,https://doi.org/10.1093/mnras/sty923,https://doi.org/10.1093/mnras/sty923,https://doi.org/10.1093/mnras/sty923,https://doi.org/10.1093/mnras/sty923,https://doi.org/10.1093/mnras/sty923,https://doi.org/10.1093/mnras/sty923,https://doi.org/10.1093/mnras/sty923,https://doi.org/10.1038/nature04440,https://doi.org/10.1038/nature04440,https://doi.org/10.1038/nature04440
81,J1825-33,18:26:02,00:00:50,-33:21,00:15,43.2,2.0,1.2712,0.0002,*,*,*,0.7866582756450597,0.00012376624852817176,*,*,*,*,*,0.31,-9.70,14.4,360,16.5,https://doi.org/10.1111/j.1365-2966.2009.15965.x,https://doi.org/10.1111/j.1365-2966.2009.15965.x,https://doi.org/10.1111/j.1365-2966.2009.15965.x,https://doi.org/10.1111/j.1365-2966.2009.15965.x,https://doi.org/10.1111/j.1365-2966.2009.15965.x,*,*,https://doi.org/10.1111/j.1365-2966.2009.15965.x,*,*,*,*,https://doi.org/10.1111/j.1365-2966.2009.15965.x,https://doi.org/10.1111/j.1365-2966.2009.15965.x,https://doi.org/10.1111/j.1365-2966.2009.15965.x,https://doi.org/10.1111/j.1365-2966.2009.15965.x,https://doi.org/10.1111/j.1365-2966.2009.15965.x
82,J1826-1419,18:26:42.391,00:00:00.004,-14:19:21.6,00:00:00.3,160.0,1,0.770620171033,7e-12,8.7841e-15,2e-19,54053,1.2976561444784416,1.178738028511858e-11,-1.4791646737501443e-14,3.367822938605308e-19,2.6,75.8,1.4,17.40,-1.14,1.06,520,2,https://doi.org/10.1038/nature04440,https://doi.org/10.1111/j.1365-2966.2009.15584.x,https://doi.org/10.1111/j.1365-2966.2009.15584.x,https://doi.org/10.1111/j.1365-2966.2009.15584.x,https://doi.org/10.1111/j.1365-2966.2009.15584.x,https://doi.org/10.1111/j.1365-2966.2009.15584.x,https://doi.org/10.1111/j.1365-2966.2009.15584.x,https://doi.org/10.1111/j.1365-2966.2009.15584.x,https://doi.org/10.1111/j.1365-2966.2009.15584.x,https://doi.org/10.1111/j.1365-2966.2009.15584.x,https://doi.org/10.1111/j.1365-2966.2009.15584.x,https://doi.org/10.1111/j.1365-2966.2009.15584.x,https://doi.org/10.1111/j.1365-2966.2009.15584.x,https://doi.org/10.1111/j.1365-2966.2009.15584.x,https://doi.org/10.1038/nature04440,https://doi.org/10.1111/j.1365-2966.2009.15584.x,https://doi.org/10.1111/j.1365-2966.2009.15584.x
83,J1838+50,18:38,00:08,+50:51,00:15,21.81,0.01,2.577223412,5e-09,*,*,*,0.3880144792041801,7.527761803604555e-10,*,*,*,*,*,79.82,22.74,3.9,*,*,https://doi.org/10.3847/1538-4357/ac1da6,https://doi.org/10.3847/1538-4357/ac1da6,https://doi.org/10.3847/1538-4357/ac1da6,https://doi.org/10.3847/1538-4357/ac1da6,https://doi.org/10.3847/1538-4357/ac1da6,*,*,https://doi.org/10.3847/1538-4357/ac1da6,*,*,*,*,https://doi.org/10.3847/1538-4357/ac1da6,https://doi.org/10.3847/1538-4357/ac1da6,https://doi.org/10.3847/1538-4357/ac1da6,*,*
84,J1839-0141,18:39:06.9848,00:00:00.0085,-01:41:56.0,00:00:00.2,293.2,0.6,0.93326558076,2e-11,5.944e-15,1e-18,55467,1.071506354263762,2.2962517344552364e-11,-6.824460154800964e-15,1.1481258672276183e-18,2.4,28.9,2.5,30.01,1.96,0.61,100,15,https://doi.org/10.1038/nature04440,https://doi.org/10.3847/1538-4357/aa88c3,https://doi.org/10.3847/1538-4357/aa88c3,https://doi.org/10.3847/1538-4357/aa6aa9,https://doi.org/10.3847/1538-4357/aa88c3,https://doi.org/10.3847/1538-4357/aa88c3,https://doi.org/10.3847/1538-4357/aa88c3,https://doi.org/10.3847/1538-4357/aa88c3,https://doi.org/10.3847/1538-4357/aa88c3,https://doi.org/10.3847/1538-4357/aa88c3,https://doi.org/10.3847/1538-4357/aa88c3,https://doi.org/10.3847/1538-4357/aa88c3,https://doi.org/10.3847/1538-4357/aa88c3,https://doi.org/10.3847/1538-4357/aa88c3,https://doi.org/10.1038/nature04440,https://doi.org/10.1038/nature04440,https://doi.org/10.1038/nature04440
85,J1840-1419,18:40:33.04,00:00:00.01,-14:19:06.5,00:00:00.9,19.4,1.4,6.5975625223,1e-10,6.353e-15,1e-18,55074.9,0.15157112897679467,2.2973807139300128e-12,-1.459525967559737e-16,2.2973807139300127e-20,6.6,0.1,16.5,18.94,-4.12,46.0,1700,2.6,https://doi.org/10.1111/j.1365-2966.2009.15693.x,https://doi.org/10.1093/mnras/sty923,https://doi.org/10.1093/mnras/sty923,https://doi.org/10.1111/j.1365-2966.2011.18917.x,https://doi.org/10.1093/mnras/sty923,https://doi.org/10.1093/mnras/sty923,https://doi.org/10.1093/mnras/sty923,https://doi.org/10.1093/mnras/sty923,https://doi.org/10.1093/mnras/sty923,https://doi.org/10.1093/mnras/sty923,https://doi.org/10.1093/mnras/sty923,https://doi.org/10.1093/mnras/sty923,https://doi.org/10.1093/mnras/sty923,https://doi.org/10.1093/mnras/sty923,https://doi.org/10.1111/j.1365-2966.2009.15693.x,https://doi.org/10.1111/j.1365-2966.2009.15693.x,https://doi.org/10.1111/j.1365-2966.2009.15693.x
86,J1843+01,18:43,*,+01,*,247.8,2.4,1.26702,4e-05,*,*,*,0.7892535240169847,2.4916845006929165e-05,*,*,*,*,*,32.86,2.33,*,21,3.5,https://doi.org/10.3847/1538-4357/aaee65,https://doi.org/10.3847/1538-4357/aaee65,https://doi.org/10.3847/1538-4357/aaee65,https://doi.org/10.3847/1538-4357/aaee65,https://doi.org/10.3847/1538-4357/aaee65,*,*,https://doi.org/10.3847/1538-4357/aaee65,*,*,*,*,https://doi.org/10.3847/1538-4357/aaee65,https://doi.org/10.3847/1538-4357/aaee65,*,https://doi.org/10.3847/1538-4357/aaee65,https://doi.org/10.3847/1538-4357/aaee65
87,J1846-0257,18:46:15.49,00:00:00.04,-02:57:36.0,00:00:01.8,237.0,7,4.4767225398,1e-10,1.60587e-13,3e-18,53039,0.22337770346711627,4.989759840624294e-12,-8.012905635263335e-15,1.4969279521872879e-19,27.1,7.1,0.4,29.71,-0.20,1.1,200,15,https://doi.org/10.1038/nature04440,https://doi.org/10.1111/j.1365-2966.2009.15584.x,https://doi.org/10.1111/j.1365-2966.2009.15584.x,https://doi.org/10.1111/j.1365-2966.2009.15584.x,https://doi.org/10.1111/j.1365-2966.2009.15584.x,https://doi.org/10.1111/j.1365-2966.2009.15584.x,https://doi.org/10.1111/j.1365-2966.2009.15584.x,https://doi.org/10.1111/j.1365-2966.2009.15584.x,https://doi.org/10.1111/j.1365-2966.2009.15584.x,https://doi.org/10.1111/j.1365-2966.2009.15584.x,https://doi.org/10.1111/j.1365-2966.2009.15584.x,https://doi.org/10.1111/j.1365-2966.2009.15584.x,https://doi.org/10.1111/j.1365-2966.2009.15584.x,https://doi.org/10.1111/j.1365-2966.2009.15584.x,https://doi.org/10.1038/nature04440,https://doi.org/10.1111/j.1365-2966.2009.15584.x,https://doi.org/10.1111/j.1365-2966.2009.15584.x
88,J1848+1516,18:48:56.13,00:00:00.02,+15:16:44.1,00:00:00.4,77.436,0.009,2.23376977466,5e-11,1.6813e-15,8e-19,57655,0.44767370896681113,1.0020587485005055e-11,-3.3695227477077996e-16,1.6032939976008088e-19,2.0,0.6,21.1,46.33,7.44,*,*,*,https://doi.org/10.1093/mnras/sty2072,https://doi.org/10.1093/mnras/stz2997,https://doi.org/10.1093/mnras/stz2997,https://doi.org/10.1093/mnras/stz2997,https://doi.org/10.1093/mnras/stz2997,https://doi.org/10.1093/mnras/stz2997,https://doi.org/10.1093/mnras/stz2997,https://doi.org/10.1093/mnras/stz2997,https://doi.org/10.1093/mnras/stz2997,https://doi.org/10.1093/mnras/stz2997,https://doi.org/10.1093/mnras/stz2997,https://doi.org/10.1093/mnras/stz2997,https://doi.org/10.1093/mnras/stz2997,https://doi.org/10.1093/mnras/stz2997,*,*,*
89,J1848-1243,18:48:18.026,00:00:00.014,-12:43:30,00:00:01,91.96,0.07,0.4143833544,2e-11,4.405e-16,8e-19,55595,2.41322434741119,1.1647303501876329e-10,-2.565318596288262e-15,4.658921400750532e-18,0.4,24.5,14.9,21.22,-5.08,1.25,450,2,https://doi.org/10.1038/nature04440,https://doi.org/10.3847/1538-4357/aa88c3,https://doi.org/10.3847/1538-4357/aa88c3,https://doi.org/10.3847/1538-4357/aa88c3,https://doi.org/10.3847/1538-4357/aa88c3,https://doi.org/10.3847/1538-4357/aa88c3,https://doi.org/10.3847/1538-4357/aa88c3,https://doi.org/10.3847/1538-4357/aa88c3,https://doi.org/10.3847/1538-4357/aa88c3,https://doi.org/10.3847/1538-4357/aa88c3,https://doi.org/10.3847/1538-4357/aa88c3,https://doi.org/10.3847/1538-4357/aa88c3,https://doi.org/10.3847/1538-4357/aa88c3,https://doi.org/10.3847/1538-4357/aa88c3,https://doi.org/10.1038/nature04440,https://doi.org/10.1038/nature04440,https://doi.org/10.1038/nature04440
90,J1850+15,18:50:09,00:00:58,+15:32,00:15,24.7,8.7,1.383965,3e-06,*,*,*,0.7225616254746328,1.5662859078256303e-06,*,*,*,*,*,46.69,7.29,*,200,31.8,https://doi.org/10.1111/j.1365-2966.2009.15965.x,https://doi.org/10.1111/j.1365-2966.2009.15965.x,https://doi.org/10.1111/j.1365-2966.2009.15965.x,https://doi.org/10.1111/j.1365-2966.2009.15965.x,https://doi.org/10.1111/j.1365-2966.2009.15965.x,*,*,https://doi.org/10.1111/j.1365-2966.2009.15965.x,*,*,*,*,https://doi.org/10.1111/j.1365-2966.2009.15965.x,https://doi.org/10.1111/j.1365-2966.2009.15965.x,*,https://doi.org/10.1111/j.1365-2966.2009.15965.x,https://doi.org/10.1111/j.1365-2966.2009.15965.x
91,J1853+04,18:53,*,+04,*,549.3,1.3,1.32065,4e-05,*,*,*,0.7572028925150494,2.2934248817326295e-05,*,*,*,*,*,36.67,1.48,*,33,2.0,https://doi.org/10.3847/1538-4357/aaee65,https://doi.org/10.3847/1538-4357/aaee65,https://doi.org/10.3847/1538-4357/aaee65,https://doi.org/10.3847/1538-4357/aaee65,https://doi.org/10.3847/1538-4357/aaee65,*,*,https://doi.org/10.3847/1538-4357/aaee65,*,*,*,*,https://doi.org/10.3847/1538-4357/aaee65,https://doi.org/10.3847/1538-4357/aaee65,*,https://doi.org/10.3847/1538-4357/aaee65,https://doi.org/10.3847/1538-4357/aaee65
92,J1854+0306,18:54:02.98,00:00:00.03,+03:06:14,00:00:01,192.4,5.2,4.5578200962,1e-10,1.45125e-13,6e-18,54944,0.21940313107876544,4.8137733927165935e-12,-6.985988636179956e-15,2.8882640356299557e-19,26.0,6.1,0.5,35.99,0.83,84,14,*,https://doi.org/10.1111/j.1365-2966.2011.18917.x,https://doi.org/10.1111/j.1365-2966.2011.18917.x,https://doi.org/10.1111/j.1365-2966.2011.18917.x,https://doi.org/10.1111/j.1365-2966.2011.18917.x,https://doi.org/10.1111/j.1365-2966.2011.18917.x,https://doi.org/10.1111/j.1365-2966.2011.18917.x,https://doi.org/10.1111/j.1365-2966.2011.18917.x,https://doi.org/10.1111/j.1365-2966.2011.18917.x,https://doi.org/10.1111/j.1365-2966.2011.18917.x,https://doi.org/10.1111/j.1365-2966.2011.18917.x,https://doi.org/10.1111/j.1365-2966.2011.18917.x,https://doi.org/10.1111/j.1365-2966.2011.18917.x,https://doi.org/10.1111/j.1365-2966.2011.18917.x,https://doi.org/10.1111/j.1365-2966.2011.18917.x,https://doi.org/10.1088/0004-637X/703/2/2259,https://doi.org/10.1088/0004-637X/703/2/2259,*
93,J1854-1557,18:54:53.6,00:00:00.1,-15:57:47,00:00:14,150.0,17,3.4531211813,7e-10,4.52e-15,4e-17,55124,0.28959308043267945,5.870490656414185e-11,-3.790659680998874e-16,3.3545660893795347e-18,4.0,0.4,12.1,19.02,-7.95,25,50,65,https://doi.org/10.1111/j.1365-2966.2011.18521.x,https://doi.org/10.1111/j.1365-2966.2012.22042.x,https://doi.org/10.1111/j.1365-2966.2012.22042.x,https://doi.org/10.1111/j.1365-2966.2012.22042.x,https://doi.org/10.1111/j.1365-2966.2012.22042.x,https://doi.org/10.1111/j.1365-2966.2012.22042.x,https://doi.org/10.1111/j.1365-2966.2012.22042.x,https://doi.org/10.1111/j.1365-2966.2012.22042.x,https://doi.org/10.1111/j.1365-2966.2012.22042.x,https://doi.org/10.1111/j.1365-2966.2012.22042.x,https://doi.org/10.1111/j.1365-2966.2012.22042.x,https://doi.org/10.1111/j.1365-2966.2012.22042.x,https://doi.org/10.1111/j.1365-2966.2012.22042.x,https://doi.org/10.1111/j.1365-2966.2012.22042.x,https://doi.org/10.1111/j.1365-2966.2011.18521.x,https://doi.org/10.1111/j.1365-2966.2011.18521.x,https://doi.org/10.1111/j.1365-2966.2011.18521.x
94,J1856+09,18:56,*,+09,*,193.4,0.6,2.17071,0.00011,*,*,*,0.46067876409101166,2.3344741605286416e-05,*,*,*,*,*,41.47,3.09,*,48,4,https://doi.org/10.3847/1538-4357/aaee65,https://doi.org/10.3847/1538-4357/aaee65,https://doi.org/10.3847/1538-4357/aaee65,https://doi.org/10.3847/1538-4357/aaee65,https://doi.org/10.3847/1538-4357/aaee65,*,*,https://doi.org/10.3847/1538-4357/aaee65,*,*,*,*,https://doi.org/10.3847/1538-4357/aaee65,https://doi.org/10.3847/1538-4357/aaee65,*,https://doi.org/10.3847/1538-4357/aaee65,https://doi.org/10.3847/1538-4357/aaee65
95,J1859+07,18:59,*,+07,*,303.1,2.2,*,*,*,*,*,0.46067876409101166,2.3344741605286416e-05,*,*,*,*,*,40.02,1.51,*,20,4.5,https://doi.org/10.3847/1538-4357/aaee65,https://doi.org/10.3847/1538-4357/aaee65,https://doi.org/10.3847/1538-4357/aaee65,https://doi.org/10.3847/1538-4357/aaee65,*,*,*,*,*,*,*,*,https://doi.org/10.3847/1538-4357/aaee65,https://doi.org/10.3847/1538-4357/aaee65,*,https://doi.org/10.3847/1538-4357/aaee65,https://doi.org/10.3847/1538-4357/aaee65
96,J1901+11,19:01,*,+11,*,268.9,0.8,4.0914,0.0001,*,*,*,0.24441511463068874,5.9738748259932725e-06,*,*,*,*,*,43.81,2.90,*,29,2.2,https://doi.org/10.3847/1538-4357/aaee65,https://doi.org/10.3847/1538-4357/aaee65,https://doi.org/10.3847/1538-4357/aaee65,https://doi.org/10.3847/1538-4357/aaee65,https://doi.org/10.3847/1538-4357/aaee65,*,*,https://doi.org/10.3847/1538-4357/aaee65,*,*,*,*,https://doi.org/10.3847/1538-4357/aaee65,https://doi.org/10.3847/1538-4357/aaee65,*,https://doi.org/10.3847/1538-4357/aaee65,https://doi.org/10.3847/1538-4357/aaee65
97,J1905+0414,19:05,*,+04:14,*,383.0,1,*,*,*,*,*,0.24441511463068874,5.9738748259932725e-06,*,*,*,*,*,38.25,-1.08,*,36,3.3,https://doi.org/10.3847/1538-4357/aaee65,https://doi.org/10.3847/1538-4357/aaee65,https://doi.org/10.3847/1538-4357/aaee65,https://doi.org/10.3847/1538-4357/aaee65,*,*,*,*,*,*,*,*,https://doi.org/10.3847/1538-4357/aaee65,https://doi.org/10.3847/1538-4357/aaee65,*,https://doi.org/10.3847/1538-4357/aaee65,https://doi.org/10.3847/1538-4357/aaee65
98,J1909+0641,19:09:29.052,00:00:00.004,+06:41:25.8,00:00:00.2,36.7,0.2,0.741761952452,6e-12,3.2239e-15,7e-19,54870,1.3481414039832553,1.0904911470803656e-11,-5.859390681787318e-15,1.2722396715937598e-18,1.6,31.2,3.6,40.94,-0.94,67,0.111,*,https://doi.org/10.1088/0004-637X/772/1/50,https://doi.org/10.1088/0004-637X/772/1/50,https://doi.org/10.1088/0004-637X/772/1/50,https://doi.org/10.1088/0004-637X/772/1/50,https://doi.org/10.1088/0004-637X/772/1/50,https://doi.org/10.1088/0004-637X/772/1/50,https://doi.org/10.1088/0004-637X/772/1/50,https://doi.org/10.1088/0004-637X/772/1/50,https://doi.org/10.1088/0004-637X/772/1/50,https://doi.org/10.1088/0004-637X/772/1/50,https://doi.org/10.1088/0004-637X/772/1/50,https://doi.org/10.1088/0004-637X/772/1/50,https://doi.org/10.1088/0004-637X/772/1/50,https://doi.org/10.1088/0004-637X/772/1/50,https://doi.org/10.1088/0004-637X/703/2/2259,https://doi.org/10.1088/0004-637X/772/1/50,*
99,J1911+00,19:11:48,00:00:29,+00:37,00:07,100.0,3,6.94,0.01,*,*,*,0.1440922190201729,0.0002076256758215748,*,*,*,*,*,35.81,-4.25,0.31,250,5,https://doi.org/10.1038/nature04440,https://doi.org/10.1111/j.1365-2966.2011.18917.x,https://doi.org/10.1111/j.1365-2966.2011.18917.x,https://doi.org/10.1038/nature04440,https://doi.org/10.1111/j.1365-2966.2011.18917.x,*,*,https://doi.org/10.1111/j.1365-2966.2011.18917.x,*,*,*,*,https://doi.org/10.1111/j.1365-2966.2011.18917.x,https://doi.org/10.1111/j.1365-2966.2011.18917.x,https://doi.org/10.1038/nature04440,https://doi.org/10.1038/nature04440,https://doi.org/10.1038/nature04440
100,J1913+1330,19:13:17.97,00:00:00.01,+13:30:32.78,00:00:00.04,175.64,0.06,0.92339138665,2e-12,8.6776e-15,2e-19,55090.9,1.082964401073667,2.345623787985692e-12,-1.017719249131232e-14,2.345623787985692e-19,2.9,43.5,1.7,47.42,1.38,4.7,460,2,https://doi.org/10.1038/nature04440,https://doi.org/10.1093/mnras/sty923,https://doi.org/10.1093/mnras/sty923,https://doi.org/10.1111/j.1365-2966.2009.15584.x,https://doi.org/10.1093/mnras/sty923,https://doi.org/10.1093/mnras/sty923,https://doi.org/10.1093/mnras/sty923,https://doi.org/10.1093/mnras/sty923,https://doi.org/10.1093/mnras/sty923,https://doi.org/10.1093/mnras/sty923,https://doi.org/10.1093/mnras/sty923,https://doi.org/10.1093/mnras/sty923,https://doi.org/10.1093/mnras/sty923,https://doi.org/10.1093/mnras/sty923,https://doi.org/10.1038/nature04440,https://doi.org/10.1111/j.1365-2966.2009.15584.x,https://doi.org/10.1111/j.1365-2966.2009.15584.x
101,J1915-11,19:15,00:02,-11:30,00:36,91.06,0.08,2.177,0.0002,*,*,*,0.45934772622875514,4.220006671830548e-05,*,*,*,*,*,25.24,-10.39,26,*,*,https://doi.org/10.1088/0004-637X/809/1/67,https://doi.org/10.1088/0004-637X/809/1/67,https://doi.org/10.1088/0004-637X/809/1/67,https://doi.org/10.1088/0004-637X/809/1/67,https://doi.org/10.1088/0004-637X/809/1/67,*,*,https://doi.org/10.1088/0004-637X/809/1/67,*,*,*,*,https://doi.org/10.1088/0004-637X/809/1/67,https://doi.org/10.1088/0004-637X/809/1/67,https://doi.org/10.1088/0004-637X/809/1/67,*,*
102,J1918-0449,19:18:36.07,*,-04:49:49.8,*,116.1,0.4,2.47921,3e-05,*,*,*,0.4033542943114944,4.880840602185709e-06,*,*,*,*,*,31.70,-8.24,54.5,*,*,https://doi.org/10.48550/arXiv.2206.03091,https://doi.org/10.48550/arXiv.2206.03091,https://doi.org/10.48550/arXiv.2206.03091,https://doi.org/10.48550/arXiv.2206.03091,https://doi.org/10.48550/arXiv.2206.03091,*,*,https://doi.org/10.48550/arXiv.2206.03091,*,*,*,*,https://doi.org/10.48550/arXiv.2206.03091,https://doi.org/10.48550/arXiv.2206.03091,https://doi.org/10.48550/arXiv.2206.03091,*,*
103,J1919+1745,19:19:43.342,00:00:00.004,+17:45:03.79,00:00:00.08,142.3,0.2,2.081343459724,9e-12,1.705e-15,4e-19,55320,0.48045890519799483,2.077566836256502e-12,-3.9358349509081514e-16,9.233630383362231e-20,1.9,0.7,19.4,51.90,1.99,320,0.19,*,https://doi.org/10.1088/0004-637X/772/1/50,https://doi.org/10.1088/0004-637X/772/1/50,https://doi.org/10.1088/0004-637X/772/1/50,https://doi.org/10.1088/0004-637X/772/1/50,https://doi.org/10.1088/0004-637X/772/1/50,https://doi.org/10.1088/0004-637X/772/1/50,https://doi.org/10.1088/0004-637X/772/1/50,https://doi.org/10.1088/0004-637X/772/1/50,https://doi.org/10.1088/0004-637X/772/1/50,https://doi.org/10.1088/0004-637X/772/1/50,https://doi.org/10.1088/0004-637X/772/1/50,https://doi.org/10.1088/0004-637X/772/1/50,https://doi.org/10.1088/0004-637X/772/1/50,https://doi.org/10.1088/0004-637X/772/1/50,https://doi.org/10.1088/0004-637X/703/2/2259,https://doi.org/10.1088/0004-637X/772/1/50,*
104,J1925-16,19:25:06,00:00:29,-16:01:00,00:07,88.0,20,3.8858,0.0002,*,*,*,0.2573472643985794,1.324552289868647e-05,*,*,*,*,*,22.13,-14.54,6.5,160,10,https://doi.org/10.1111/j.1365-2966.2011.18521.x,https://doi.org/10.1111/j.1365-2966.2011.18521.x,https://doi.org/10.1111/j.1365-2966.2011.18521.x,https://doi.org/10.1111/j.1365-2966.2011.18521.x,https://doi.org/10.1111/j.1365-2966.2011.18521.x,*,*,https://doi.org/10.1111/j.1365-2966.2011.18521.x,*,*,*,*,https://doi.org/10.1111/j.1365-2966.2011.18521.x,https://doi.org/10.1111/j.1365-2966.2011.18521.x,https://doi.org/10.1111/j.1365-2966.2011.18521.x,https://doi.org/10.1111/j.1365-2966.2011.18521.x,https://doi.org/10.1111/j.1365-2966.2011.18521.x
105,J1928+15,19:28:20,00:00:07,+15:13,00:02,242.0,*,0.403,*,*,*,*,2.4813895781637716,0.0,*,*,*,*,*,50.64,-1.03,4,180,5,https://doi.org/10.1088/0004-637X/703/2/2259,https://doi.org/10.1088/0004-637X/703/2/2259,https://doi.org/10.1088/0004-637X/703/2/2259,https://doi.org/10.1088/0004-637X/703/2/2259,https://doi.org/10.1088/0004-637X/703/2/2259,*,*,https://doi.org/10.1088/0004-637X/703/2/2259,*,*,*,*,https://doi.org/10.1088/0004-637X/703/2/2259,https://doi.org/10.1088/0004-637X/703/2/2259,https://doi.org/10.1088/0004-637X/703/2/2259,https://doi.org/10.1088/0004-637X/703/2/2259,https://doi.org/10.1088/0004-637X/703/2/2259
106,J1931+42,19:31,00:07,+42:30,00:05,50.9,0.02,*,*,*,*,*,2.481,0.0,*,*,*,*,*,75.15,11.27,8,*,*,https://doi.org/10.3847/1538-4357/ac1da6,https://doi.org/10.3847/1538-4357/ac1da6,https://doi.org/10.3847/1538-4357/ac1da6,https://doi.org/10.3847/1538-4357/ac1da6,*,*,*,*,*,*,*,*,https://doi.org/10.3847/1538-4357/ac1da6,https://doi.org/10.3847/1538-4357/ac1da6,https://doi.org/10.3847/1538-4357/ac1da6,*,*
107,J1944-10,19:44,00:02,-10:17,00:36,31.01,0.03,0.409135,1e-06,*,*,*,2.4441810160460484,5.974020839199893e-06,*,*,*,*,*,29.53,-16.29,180,*,*,https://doi.org/10.1088/0004-637X/809/1/67,https://doi.org/10.1088/0004-637X/809/1/67,https://doi.org/10.1088/0004-637X/809/1/67,https://doi.org/10.1088/0004-637X/809/1/67,https://doi.org/10.1088/0004-637X/809/1/67,*,*,https://doi.org/10.1088/0004-637X/809/1/67,*,*,*,*,https://doi.org/10.1088/0004-637X/809/1/67,https://doi.org/10.1088/0004-637X/809/1/67,https://doi.org/10.1088/0004-637X/809/1/67,*,*
108,J1946+24,19:46:00,00:00:07,+23:58,00:02,96.0,*,4.729,*,*,*,*,0.2114611968703743,0.0,*,*,*,*,*,60.31,-0.38,54,101,4,https://doi.org/10.1088/0004-637X/703/2/2259,https://doi.org/10.1088/0004-637X/703/2/2259,https://doi.org/10.1088/0004-637X/703/2/2259,https://doi.org/10.1088/0004-637X/703/2/2259,https://doi.org/10.1088/0004-637X/703/2/2259,*,*,https://doi.org/10.1088/0004-637X/703/2/2259,*,*,*,*,https://doi.org/10.1088/0004-637X/703/2/2259,https://doi.org/10.1088/0004-637X/703/2/2259,https://doi.org/10.1088/0004-637X/703/2/2259,https://doi.org/10.1088/0004-637X/703/2/2259,https://doi.org/10.1088/0004-637X/703/2/2259
109,J1952+30,19:52,*,+30,*,188.8,0.6,1.6656,0.00012,*,*,*,0.6003842459173871,4.3255349129494756e-05,*,*,*,*,*,66.18,1.53,*,33,5.7,https://doi.org/10.3847/1538-4357/aaee65,https://doi.org/10.3847/1538-4357/aaee65,https://doi.org/10.3847/1538-4357/aaee65,https://doi.org/10.3847/1538-4357/aaee65,https://doi.org/10.3847/1538-4357/aaee65,*,*,https://doi.org/10.3847/1538-4357/aaee65,*,*,*,*,https://doi.org/10.3847/1538-4357/aaee65,https://doi.org/10.3847/1538-4357/aaee65,*,https://doi.org/10.3847/1538-4357/aaee65,https://doi.org/10.3847/1538-4357/aaee65
110,J1956-28,19:56,00:02,-27:53,00:36,45.69,0.01,0.2600144,6e-07,*,*,*,3.8459408401996202,8.874756567789215e-06,*,*,*,*,*,13.22,-25.59,120,*,*,https://doi.org/10.1088/0004-637X/809/1/67,https://doi.org/10.1088/0004-637X/809/1/67,https://doi.org/10.1088/0004-637X/809/1/67,https://doi.org/10.1088/0004-637X/809/1/67,https://doi.org/10.1088/0004-637X/809/1/67,*,*,https://doi.org/10.1088/0004-637X/809/1/67,*,*,*,*,https://doi.org/10.1088/0004-637X/809/1/67,https://doi.org/10.1088/0004-637X/809/1/67,https://doi.org/10.1088/0004-637X/809/1/67,*,*
111,J1958+30,19:58,*,+30,*,199.3,0.4,1.09853,2e-05,*,*,*,0.9103074108126314,1.657319164360794e-05,*,*,*,*,*,66.86,0.42,*,54,4,https://doi.org/10.3847/1538-4357/aaee65,https://doi.org/10.3847/1538-4357/aaee65,https://doi.org/10.3847/1538-4357/aaee65,https://doi.org/10.3847/1538-4357/aaee65,https://doi.org/10.3847/1538-4357/aaee65,*,*,https://doi.org/10.3847/1538-4357/aaee65,*,*,*,*,https://doi.org/10.3847/1538-4357/aaee65,https://doi.org/10.3847/1538-4357/aaee65,*,https://doi.org/10.3847/1538-4357/aaee65,https://doi.org/10.3847/1538-4357/aaee65
112,J2000+29,20:00,*,+29,*,132.3,0.7,3.0737,0.00014,*,*,*,0.32534079448222014,1.4818528557605103e-05,*,*,*,*,*,66.23,-0.48,*,159,7.4,https://doi.org/10.3847/1538-4357/aaee65,https://doi.org/10.3847/1538-4357/aaee65,https://doi.org/10.3847/1538-4357/aaee65,https://doi.org/10.3847/1538-4357/ab75e2,https://doi.org/10.3847/1538-4357/aaee65,*,*,https://doi.org/10.3847/1538-4357/aaee65,*,*,*,*,https://doi.org/10.3847/1538-4357/aaee65,https://doi.org/10.3847/1538-4357/aaee65,*,https://doi.org/10.3847/1538-4357/aaee65,https://doi.org/10.3847/1538-4357/aaee65
113,J2007+20,20:07,00:02,+20:21,00:36,67.0,0.4,4.634,0.007,*,*,*,0.21579628830384115,0.0003259762663200017,*,*,*,*,*,59.72,-6.41,77,*,*,https://doi.org/10.1088/0004-637X/809/1/67,https://doi.org/10.1088/0004-637X/809/1/67,https://doi.org/10.1088/0004-637X/809/1/67,https://doi.org/10.1088/0004-637X/809/1/67,https://doi.org/10.1088/0004-637X/809/1/67,*,*,https://doi.org/10.1088/0004-637X/809/1/67,*,*,*,*,https://doi.org/10.1088/0004-637X/809/1/67,https://doi.org/10.1088/0004-637X/809/1/67,https://doi.org/10.1088/0004-637X/809/1/67,*,*
114,J2033+0042,20:33:31.12,00:00:00.02,+00:42:24.1,00:00:00.9,37.84,0.13,5.01340011141,8e-11,9.6927e-15,1.8e-18,57600,0.1994654282079141,3.182916564013323e-12,-3.8563819225014923e-16,7.161562269029977e-20,7.1,0.3,8.2,45.88,-22.20,*,140,95.2,https://doi.org/10.1111/j.1365-2966.2009.15965.x,https://doi.org/10.1093/mnras/staa615,https://doi.org/10.1093/mnras/staa615,https://doi.org/10.1088/0004-637X/763/2/81,https://doi.org/10.1093/mnras/staa615,https://doi.org/10.1093/mnras/staa615,https://doi.org/10.1093/mnras/staa615,https://doi.org/10.1093/mnras/staa615,https://doi.org/10.1093/mnras/staa615,https://doi.org/10.1093/mnras/staa615,https://doi.org/10.1093/mnras/staa615,https://doi.org/10.1093/mnras/staa615,https://doi.org/10.1093/mnras/staa615,https://doi.org/10.1093/mnras/staa615,*,https://doi.org/10.1111/j.1365-2966.2009.15965.x,https://doi.org/10.1111/j.1365-2966.2009.15965.x
115,J2105+6223,21:05:12.93,00:00:00.02,+62:23:05.5,00:00:00.1,50.75,0.08,2.30487883766,4e-11,5.219e-15,6e-18,56774,0.4338622853664784,7.529459306536942e-12,-9.824062030204074e-16,1.1294188959805411e-18,3.5,1.7,7.0,99.79,10.18,30,*,*,https://doi.org/10.1088/0004-637X/809/1/67,https://doi.org/10.1088/0004-637X/809/1/67,https://doi.org/10.1088/0004-637X/809/1/67,https://doi.org/10.1088/0004-637X/809/1/67,https://doi.org/10.1088/0004-637X/809/1/67,https://doi.org/10.1088/0004-637X/809/1/67,https://doi.org/10.1088/0004-637X/809/1/67,https://doi.org/10.1088/0004-637X/809/1/67,https://doi.org/10.1088/0004-637X/809/1/67,https://doi.org/10.1088/0004-637X/809/1/67,https://doi.org/10.1088/0004-637X/809/1/67,https://doi.org/10.1088/0004-637X/809/1/67,https://doi.org/10.1088/0004-637X/809/1/67,https://doi.org/10.1088/0004-637X/809/1/67,https://doi.org/10.1088/0004-637X/809/1/67,*,*
116,J2225+35,22:24:48,*,+35:30,*,51.8,*,0.942,*,*,*,*,1.0615711252653928,0.0,*,*,*,*,*,92.11,-18.45,*,*,*,https://doi.org/10.1134/S1063772909060080,https://doi.org/10.1134/S1063772909060080,https://doi.org/10.1134/S1063772909060080,https://doi.org/10.1134/S1063772909060080,https://doi.org/10.1134/S1063772909060080,*,*,https://doi.org/10.1134/S1063772909060080,*,*,*,*,https://doi.org/10.1134/S1063772909060080,https://doi.org/10.1134/S1063772909060080,*,*,*
117,J2310+6706,23:10:42.0,00:00:00.3,+67:06:52.1,00:00:00.10,97.7,0.1,1.9447889728,1.2e-09,7.6e-17,4e-18,57225,0.5141946061943446,3.1727531164722856e-10,-2.009410307099114e-17,1.0575843721574285e-18,0.4,0.0,405.7,113.35,6.14,60,*,*,https://doi.org/10.1088/0004-637X/809/1/67,https://doi.org/10.3847/1538-4357/aabf8a,https://doi.org/10.3847/1538-4357/aabf8a,https://doi.org/10.3847/1538-4357/aabf8a,https://doi.org/10.3847/1538-4357/aabf8a,https://doi.org/10.3847/1538-4357/aabf8a,https://doi.org/10.3847/1538-4357/aabf8a,https://doi.org/10.3847/1538-4357/aabf8a,https://doi.org/10.3847/1538-4357/aabf8a,https://doi.org/10.3847/1538-4357/aabf8a,https://doi.org/10.3847/1538-4357/aabf8a,https://doi.org/10.3847/1538-4357/aabf8a,https://doi.org/10.3847/1538-4357/aabf8a,https://doi.org/10.3847/1538-4357/aabf8a,https://doi.org/10.1088/0004-637X/809/1/67,*,*
118,J2312+6931,23:12:38.93,00:00:00.05,+69:31:04.0,00:00:00.3,71.6,0.1,0.81337477832,2e-11,6.3e-16,1e-17,*,1.2294455479249904,3.023072710625159e-11,-9.522679038469251e-16,1.5115363553125798e-17,0.7,4.6,20.5,114.44,8.29,60,*,*,https://doi.org/10.3847/1538-4357/aabf8a,https://doi.org/10.3847/1538-4357/aabf8a,https://doi.org/10.3847/1538-4357/aabf8a,https://doi.org/10.3847/1538-4357/aabf8a,https://doi.org/10.3847/1538-4357/aabf8a,https://doi.org/10.3847/1538-4357/aabf8a,*,https://doi.org/10.3847/1538-4357/aabf8a,https://doi.org/10.3847/1538-4357/aabf8a,https://doi.org/10.3847/1538-4357/aabf8a,https://doi.org/10.3847/1538-4357/aabf8a,https://doi.org/10.3847/1538-4357/aabf8a,https://doi.org/10.3847/1538-4357/aabf8a,https://doi.org/10.3847/1538-4357/aabf8a,https://doi.org/10.1088/0004-637X/809/1/67,*,*
119,J2325-0530,23:25:15.3,00:00:00.1,-05:30:39,00:00:04,14.966,0.007,0.868735115026,9e-12,1.029e-15,2e-18,56774,1.1510988593687403,1.1925257256360135e-11,-1.3634544129771753e-15,2.65005716808003e-18,1.0,6.2,13.4,75.58,-60.20,103,*,*,https://doi.org/10.1088/0004-637X/809/1/67,https://doi.org/10.1088/0004-637X/809/1/67,https://doi.org/10.1088/0004-637X/809/1/67,https://doi.org/10.1088/0004-637X/809/1/67,https://doi.org/10.1088/0004-637X/809/1/67,https://doi.org/10.1088/0004-637X/809/1/67,https://doi.org/10.1088/0004-637X/809/1/67,https://doi.org/10.1088/0004-637X/809/1/67,https://doi.org/10.1088/0004-637X/809/1/67,https://doi.org/10.1088/0004-637X/809/1/67,https://doi.org/10.1088/0004-637X/809/1/67,https://doi.org/10.1088/0004-637X/809/1/67,https://doi.org/10.1088/0004-637X/809/1/67,https://doi.org/10.1088/0004-637X/809/1/67,https://doi.org/10.1088/0004-637X/809/1/67,*,*
